Feature,Information_Gain
acak,0.0004402764674107922
accounted,0.0001882094419438352
action,0.00033627865634686376
acuh,0.0001882094419438352
ada,0.00012990965976296658
adab,0.00033627865634686376
adakan,8.534794684404365e-05
adalagi,0.00022932202116135838
adalah,0.00022932202116135838
adam,0.00037648743362983126
adaptasi,0.00030342914282537005
adas,0.00022932202116135838
adat,0.0004402764674107922
adem,0.00037648743362983126
adik,0.00045873618032261313
adikuasa,0.00043914015144671083
adil,0.0012044418680815776
adira,0.00037648743362983126
admin,0.001065328877739805
administrator,0.00022932202116135838
adrenalin,0.00033627865634686376
adsen,0.0001882094419438352
aduh,0.0007593982815898687
akademik,0.00043914015144671083
akal,0.0025293235507635827
akan,0.00021703051773473703
akar,0.00045873618032261313
aki,0.0001636481412534889
akibat,0.0002585044731866883
akselerasi,0.0007532492762904377
akselerator,0.0001882094419438352
akses,0.0003880885975716226
aksesibilitas,0.00037648743362983126
aksi,0.0001882094419438352
aktif,0.00033671596660305846
aktivitas,8.942034680486303e-05
akua,0.00022932202116135838
akuin,0.0001882094419438352
akuisisi,0.0009417332324515751
akumulator,0.0001882094419438352
akun,0.0006882425571326616
akut,0.00045873618032261356
apa,0.00014820959043265703
aparat,8.534794684404365e-05
aparatur,0.0001882094419438352
apartemen,8.534794684404365e-05
apbd,0.00022932202116135838
apbn,0.00034493868544737023
aplikasi,0.0011811136259373604
apm,0.00022932202116135838
apple,0.00037648743362983083
appreciative,0.0001882094419438352
apresiasi,0.0003624673741535109
april,0.0005230998135931691
argumen,0.00045873618032261356
argumentku,0.00022932202116135838
atik,0.00022932202116135838
atmosfer,0.0001882094419438352
atmosfir,0.0001882094419438352
atom,0.00043914015144671083
bappenda,0.0001882094419438352
barang,0.0022381925886478284
barangkali,0.00037648743362983126
baranngnya,0.00022932202116135838
barat,0.0001122458183215316
batas,0.0011239712020681158
batasin,0.0008785820794104753
baterai,0.0017866190360701245
batik,0.00037648743362983126
batronika,0.00022932202116135838
battey,0.00043914015144671083
batu,0.005274867958078252
batubara,0.00289371258119909
batubaranya,0.00045873618032261356
bau,0.000678712892905831
bauksit,0.00022932202116135838
baur,0.0001882094419438352
bawa,0.0011599068267857428
bayar,0.00043914015144671083
begitupula,0.00022932202116135838
bekal,0.00043914015144671083
bekas,0.0012716881209920857
bekerjasama,0.000550175133419531
bekurang,0.00022932202116135838
bel,0.0002951660771293961
belah,0.00029757774086406957
belaka,0.0006882425571326616
belanja,0.0013354545294250882
belantara,0.00022932202116135838
beli,0.001812801723336488
beliiii,0.0001882094419438352
beliin,8.534794684404365e-05
belit,0.00022932202116135838
belok,0.00033627865634686376
belut,0.00022932202116135838
bem,0.00043914015144671083
benah,0.0009714350368680473
benahin,0.00022932202116135838
benak,0.0001882094419438352
bencana,0.00091784123135065
benci,8.534794684404365e-05
benda,8.534794684404365e-05
bendung,0.0004174740515685022
benefitnya,0.0001882094419438352
beneran,0.0005167956745621254
benerin,0.0006882425571326616
benerinya,0.0001882094419438352
benernya,8.534794684404365e-05
bengkak,0.0001882094419438352
bengkalai,0.00033627865634686376
bengkel,0.0002206814696362829
bengkulu,0.0001882094419438352
bensin,0.0020611151414658847
bentar,0.00017686894411602402
benteng,0.00022932202116135838
bentrok,0.00022932202116135838
bentuk,0.0011309183511979946
benz,0.0003580277207180099
beradpatasi,0.00043914015144671083
beranda,0.00037648743362983126
berangkat,8.534794684404365e-05
berani,0.0009050645420613595
beranta,0.00045873618032261356
berantas,0.0001882094419438352
beras,0.0009178412313506513
berbhaan,0.00022932202116135838
berdeklaradi,0.0001882094419438352
berdikari,8.534794684404365e-05
berfikirnya,0.0001882094419438352
berflower,0.0001882094419438352
berhianat,0.0001882094419438352
beril,0.00043914015144671083
berimpah,0.00022932202116135838
berisik,0.0015075978727258454
berita,0.0018380789413306496
beritahu,0.00043914015144671083
beritasatu,0.00014820959043265703
berkat,0.00014820959043265703
berlalih,0.0001882094419438352
bermaksut,0.00043914015144671083
berobah,0.00022932202116135838
bersih,0.001586434670237166
bersikukuh,8.534794684404365e-05
berskongkol,0.00022932202116135838
bertranformasi,0.0002951660771293961
besakih,0.00037648743362983126
besi,0.0008205304929429209
bisa,0.0005883171460294976
busuk,0.0006882425571326616
cars,0.00037648743362983126
cas,0.0008366434178802488
cash,0.0004402764674107922
casion,0.0001882094419438352
catat,0.000597134566149952
cepat,0.0017599863545653123
cepetan,0.00022932202116135838
cerah,0.0003232058854963169
cerdas,0.0004166589733959388
cerdik,0.0001882094419438352
cerita,0.00013287086722007157
cermat,0.00037648743362983126
cermin,0.0001882094419438352
cerobong,8.942034680486303e-05
ces,0.00014820959043265703
cetak,0.00033627865634686376
cetus,0.0001882094419438352
cewe,0.0001882094419438352
dari,0.0003373864365266773
datang,0.0002951660771293961
diri,0.00037648743362983126
dokter,0.0001882094419438352
doktor,0.0001882094419438352
doktrin,0.00022932202116135838
dokumen,0.00045873618032261356
dolar,0.00022932202116135838
dollar,0.0006468307854317961
dolo,0.00033627865634686376
domba,0.00022932202116135838
domestik,0.0002951660771293961
dominan,0.00014820959043265703
dominasi,0.0004629546359955017
dominate,0.00022932202116135838
domino,0.00045873618032261356
dompet,0.00022932202116135838
ekspedisi,0.00043914015144671083
ekstrem,0.00022932202116135838
electric,0.002447917980290063
em,0.00022932202116135838
emas,8.942034680486303e-05
embel,0.00043914015144671083
embrio,0.00022932202116135838
emergi,0.00022932202116135838
emil,0.00022932202116135838
emis,0.00022932202116135838
emisi,0.0023961658901908026
emisikarbon,0.00022932202116135838
ending,0.00022932202116135838
energi,0.0037143845225472666
engah,0.00043914015144671083
enggan,0.0005063930294371777
engine,0.0005019539980244303
engineer,0.0006091916569958343
engineering,0.00014820959043265703
enginer,0.0001882094419438352
engkol,0.0001882094419438352
enthusiast,0.0001882094419438352
enthusiasts,0.00022932202116135838
entrophi,0.00022932202116135838
epik,0.0001882094419438352
era,0.0014369940850285836
eropa,0.0016438994940749896
eropah,0.00022932202116135838
ertiga,0.00022932202116135838
esemboh,0.00022932202116135838
esensi,0.0004174740515685022
esensial,0.0001882094419438352
establish,0.0001882094419438352
etika,0.00022932202116135838
etnis,0.00022932202116135838
euphoria,0.00022932202116135838
evaluasi,0.0004174740515685022
evercos,0.00022932202116135838
evercoss,0.00022932202116135838
everlasting,0.0001882094419438352
evolusi,8.534794684404365e-05
existing,0.0005243732614560463
exit,0.0001882094419438352
fosil,0.0016588179341884286
foto,0.00033627865634686376
fotocopy,0.00022932202116135838
founder,0.0001882094419438352
founding,0.0001882094419438352
gabung,0.0006334881530735384
gabungin,0.00022932202116135838
gadai,0.00045873618032261356
gadang,0.00022932202116135838
gadget,0.0006882425571326633
gadis,0.00043914015144671083
gaduh,0.00033627865634686376
gaet,0.0005905876023931601
gagal,0.002881286526119838
gagas,0.0009178412313506513
gaib,0.00045873618032261356
gain,0.00022932202116135838
gaji,0.0014421239003761938
gala,0.00018934575790797168
galak,0.00022025197969726524
galau,0.0001882094419438352
gali,0.0002581903006165145
galon,6.688823393222231e-05
gamang,0.00043914015144671083
gambar,0.00021703051773473703
gambut,0.00022932202116135838
game,0.00014820959043265703
games,0.00043914015144671083
gamingnya,0.0001882094419438352
gampang,0.00011199492148739054
ganda,0.0006882425571326616
gandeng,0.0013189074778846128
gang,0.00022932202116135838
ganggu,0.00046602176368233704
ganjal,0.00045873618032261356
ganjar,0.0001882094419438352
ganjil,8.534794684404365e-05
ganti,0.002427644743070663
gantung,0.0005376571464697521
gap,6.688823393222231e-05
gara,0.0005497983853615183
garansi,0.00037648743362983083
garasi,0.0002775260212854651
garda,0.00037648743362983126
gardu,0.00022932202116135838
gari,0.00022932202116135838
garuda,0.00022932202116135838
garut,0.0001882094419438352
gas,0.0008855317358650917
gaskeun,0.0001882094419438352
gasoline,0.0001882094419438352
gatrik,0.0001882094419438352
gaul,0.00022932202116135838
gea,0.0001882094419438352
gear,0.0004402764674107922
geber,0.00022932202116135838
gebrak,0.0005927317838798399
gede,0.0017348654730965887
gedung,0.00045873618032261313
gegabah,0.00033627865634686376
geisit,0.0001882094419438352
gejolak,0.0001882094419438352
gelap,0.00045873618032261356
gelar,0.0016470570354306252
gelas,0.00022932202116135838
geliat,8.534794684404365e-05
gelintir,0.00018934575790797168
gelisah,8.534794684404365e-05
gelombang,0.0001882094419438352
gelontor,0.00018934575790797168
gelora,0.00037648743362983126
gemar,0.0001882094419438352
gembar,0.0006877862847682057
gembira,0.0005648340275581018
gembor,0.0005940058612174249
gemborin,0.00022932202116135838
gembos,0.00022932202116135838
gemilang,0.0001882094419438352
gempa,0.00022932202116135838
gempur,0.00022932202116135838
gemuk,0.00043914015144671083
gen,0.0001882094419438352
genap,8.534794684404365e-05
gencar,0.0002894164797844043
gender,0.00043914015144671083
general,0.0001882094419438352
generalisir,0.0001882094419438352
generasi,0.000781158273420182
generator,0.001219431234760939
genggam,0.00022932202116135838
gengsi,0.00022932202116135838
genjot,0.0005936596202058032
genomic,0.0001882094419438352
genre,0.00043914015144671083
genset,0.00026138814717246886
geotermal,0.0002951660771293961
gera,0.00038291365359454277
gerah,0.00022932202116135838
gerai,0.0001882094419438352
gerak,0.0010222872709289648
gerbang,0.0005648340275581018
gerbong,0.0006882425571326616
gercep,0.0001882094419438352
gergaji,0.00022932202116135838
gerkana,0.00043914015144671083
german,0.00043914015144671083
gerombol,0.00043914015144671083
gerus,0.0008785820794104753
gerutu,0.00022932202116135838
geser,0.0018031169133336652
gesit,8.534794684404365e-05
gesits,0.0015075978727258459
get,0.0001882094419438352
getar,0.0002951660771293961
geter,0.00022932202116135838
getol,0.00033627865634686376
ghoib,0.00022932202116135838
gianyar,0.0001882094419438352
gias,0.0001882094419438352
giat,0.00045873618032261356
gibernur,0.0001882094419438352
gigi,0.0002951660771293961
gigih,0.0001882094419438352
gigit,0.0005648340275581018
giias,0.0001882094419438352
gila,0.0037863475104594263
gilette,0.0001882094419438352
gilir,0.0018709224771804294
gimik,0.00022932202116135838
ginian,0.00022932202116135838
ginjal,0.00045873618032261356
ginting,0.0001882094419438352
giri,0.00022932202116135838
giur,0.0006503042362133019
global,0.001017874409746359
gram,0.0005883171460294976
grand,0.00022932202116135838
grandeur,0.00043914015144671083
grandnya,0.00043914015144671083
graphene,0.0001882094419438352
gratis,0.0008448901568880686
gratisin,0.00045873618032261356
gravitasi,0.00043914015144671083
great,0.0001882094419438352
green,0.0006596829478759051
grid,0.0001882094419438352
gridoto,0.0001882094419438352
groove,0.0001882094419438352
grung,0.0001882094419438352
gruop,0.0001882094419438352
grup,0.0006777668675334455
guna,0.00022932202116135838
habbit,0.00043914015144671083
hannover,0.0001882094419438352
hantar,0.00037648743362983126
hapus,0.0005940058612174249
haram,0.00022932202116135838
harap,0.00043265805922521505
head,0.00014820959043265703
heat,0.00022932202116135838
hebat,0.0006069558126308443
himpun,0.0001882094419438352
hnya,0.0004402764674107922
hoaks,0.0011475322828441888
hobi,0.0002951660771293961
holden,0.00022932202116135838
holdingnya,0.00022932202116135838
holiday,0.0001882094419438352
holistik,6.688823393222231e-05
homologasi,0.0001882094419438352
hore,0.0004174740515685022
hormat,0.0001882094419438352
horn,0.00022932202116135838
horsepowernya,0.0001882094419438352
hot,0.0001882094419438352
hour,0.00022932202116135838
house,0.00029757774086406957
hrusnya,0.00043914015144671083
hyundai,0.0014760014820931486
ikat,0.0006272921818538547
ikhlas,0.0007532492762904377
iklan,0.0002775260212854651
iklim,0.00022821616558974358
ikn,0.0003004444039060128
ikutin,0.00022932202116135838
ilmiah,0.0001882094419438352
ilmu,0.0015423713813371427
ilmuwan,0.0002951660771293961
ilustrasi,6.688823393222231e-05
image,0.00043914015144671083
imam,0.00043914015144671083
iman,0.00022932202116135838
implement,0.00043914015144671083
implementasi,0.0003580277207180099
impor,0.001194549841316043
important,0.00022932202116135838
importir,0.00022932202116135838
induk,0.0006272921818538547
induksi,8.534794684404365e-05
industri,0.004003922750160255
industrialisasi,8.534794684404365e-05
industries,0.00022932202116135838
inflasi,0.00014820959043265703
influencer,0.00022932202116135838
info,0.0005107768015525944
informasi,0.0013243761257652844
informatif,0.0001882094419438352
infrastruktur,0.00012249689942862483
initial,0.00022932202116135838
injeksi,0.00037648743362983126
inovasi,0.0012730000848857697
inovatif,0.00022932202116135838
inpres,0.0002951660771293961
insentif,0.004279642311861055
insight,8.534794684404365e-05
insightful,0.00037648743362983126
insightnya,0.0001882094419438352
insinyur,0.00037648743362983126
inspirasi,0.0005648340275581018
inspirator,0.0001882094419438352
instalasi,0.0001707417033053535
instan,0.00026138814717246886
instansi,0.00043914015144671083
institusi,0.00022932202116135838
institut,0.0001882094419438352
integrasi,0.000565517940260793
intel,0.0005648340275581018
intens,0.0001882094419438352
intensif,0.00014820959043265703
intensitas,0.0001882094419438352
intergrated,0.0001882094419438352
interior,0.0003580277207180099
internal,0.0008618691667428777
internasional,0.0014717157512994673
internet,0.0009897687011524792
intervensi,0.0006503042362133019
inti,0.00045086825983294
intimidasi,0.00043914015144671083
issue,0.00022932202116135838
istana,0.0007821887634567328
istik,0.0001882094419438352
istilah,0.0003788990973645043
istimewa,0.0001882094419438352
istirahat,0.00037648743362983126
istri,0.00043914015144671083
isu,0.0008008362940991052
italia,0.0001882094419438352
itikad,0.00022932202116135838
its,4.82841793296039e-05
izin,0.00034493868544737023
jadul,8.534794684404365e-05
jaman,0.00043914015144671083
jamin,0.00029944811560737254
jamur,0.0001882094419438352
jangka,0.0009101528443799141
jangkau,0.0023631570585439013
jangkrik,0.0001882094419438352
janji,0.0001321903461429636
jantan,0.0008785820794104753
januari,8.534794684404365e-05
japan,0.0009178412313506513
jarak,0.0005576853426763431
jarang,0.00013212201254752653
jargon,0.00022932202116135838
jari,0.0005927317838798399
jaring,0.001060029768876957
jas,0.00022932202116135838
jasa,9.457299375904295e-05
jatah,0.0003788990973645043
jatuh,0.0007723496930074642
jauhh,0.00037648743362983126
jawab,0.0003796754876139643
jaya,0.0005115861191600855
jazirah,0.00043914015144671083
jebak,4.756645139548021e-05
jeblok,0.00022932202116135838
jebol,0.00043914015144671083
jeep,0.0004402764674107922
jegal,0.0005299652226683407
jejak,0.00022932202116135838
jejer,0.00022932202116135838
jelajah,0.00022932202116135838
jelang,0.0001882094419438352
jelas,0.00022932202116135838
jelasss,0.00022932202116135838
jelata,0.0001882094419438352
jelek,0.0011475322828441888
jeli,0.00022932202116135838
jembatan,0.00033627865634686376
jembut,0.00022932202116135838
jempol,0.0001882094419438352
jemput,0.0001882094419438352
jenderal,0.0004856075932306637
jenggot,0.00033627865634686376
jenius,0.00045873618032261356
jenset,0.00022932202116135838
jeoang,0.00043914015144671083
jepang,0.00043914015144671083
jeroan,0.00022932202116135838
jet,8.534794684404365e-05
jetset,0.00022932202116135838
jeung,0.00045873618032261356
jidat,0.0001882094419438352
jiexpo,0.0007532492762904377
jika,0.0001882094419438352
jilat,0.00045873618032261356
jingan,0.00022932202116135838
jiplak,0.00018934575790797168
jitu,0.0001882094419438352
jiwa,0.0001882094419438352
jmlah,0.00043914015144671083
jobs,0.0001882094419438352
joget,0.00022932202116135838
joran,0.0001882094419438352
journey,0.00043914015144671083
jual,0.0012396900195137095
juang,0.0005031797767157541
juar,0.0001882094419438352
juara,0.0008349939127542715
judge,0.00022932202116135838
judul,0.00045873618032261356
juga,0.00033627865634686376
jujur,0.00043261172255268463
juklak,0.0001882094419438352
jumat,0.0001882094419438352
jumbo,0.0001882094419438352
jumpa,0.0005063930294371777
junjung,0.00033627865634686376
juragan,0.00022932202116135838
jurang,0.00022932202116135838
jurkam,0.00022932202116135838
jurnal,0.00022932202116135838
jurus,0.0005927317838798399
jurut,0.0001882094419438352
jusri,0.00022932202116135838
kabar,0.0010200097682301382
kabel,0.0002550513612546972
kabin,0.0001882094419438352
kabinet,0.0001882094419438352
kabur,0.0006882425571326616
kaca,0.0005637098682886635
kacang,0.0001882094419438352
kacau,0.0007573237389400535
kadalin,0.00022932202116135838
kadang,0.0005360613497967168
kades,0.00022932202116135838
kadin,0.0007532492762904377
kadran,0.0008785820794104753
kadrun,0.0007756631590126665
kadung,0.00043914015144671083
kaget,0.00021703051773473703
kagum,0.00037648743362983083
kahmi,0.0001882094419438352
kait,0.00044729177143189693
kaji,8.215229161684639e-06
kakak,0.0006458158772706063
kakakmade,0.0001882094419438352
kaki,0.0008809937431451492
kalah,0.00020877559670923196
kalahin,0.0001882094419438352
kalang,0.0014969576633543623
kalao,0.00022932202116135838
kalkulasi,0.0002550904861696962
kalla,0.00022932202116135838
kanan,0.00022932202116135838
kandang,0.00022932202116135838
kandas,0.00033627865634686376
kandung,4.937501204346252e-05
kanker,0.0001882094419438352
kantong,0.00010686316970404553
kantor,7.233841277869742e-05
kaos,0.00022932202116135838
kapal,0.000279896438997129
kapan,0.00043914015144671083
kapasitas,0.00030022310897895007
kapasitor,0.0001882094419438352
kapita,0.0002951660771293961
kapital,0.0006684047610713223
kapitalis,0.0003373864365266773
kaprah,0.00022932202116135838
karakter,0.0001882094419438352
karakteristik,0.0001882094419438352
karangasem,0.0001882094419438352
karat,0.00022932202116135838
karbitan,0.00022932202116135838
karbo,0.00043914015144671083
karbon,0.002701918915664308
karbu,0.0001882094419438352
karburator,0.0001882094419438352
kareta,0.00022932202116135838
kargo,0.0001882094419438352
karma,0.00022932202116135838
kartasasmita,8.534794684404365e-05
kartel,0.0006882425571326633
kartu,0.00022932202116135838
karuan,0.00022932202116135838
karya,0.0013814164326433269
karyawan,7.819687723784941e-05
kasar,0.0004402764674107922
kasbon,0.0001882094419438352
kasetpres,0.00037648743362983083
kasih,0.0007682207194983032
kasihan,0.0003966009249054881
katagori,0.0001882094419438352
katalis,0.0001882094419438352
kategori,0.00037648743362983126
katung,0.00022932202116135838
kaum,0.0005063930294371777
kaut,0.00022932202116135838
kawal,0.00022025197969726524
kawasan,0.0005928846391423928
kawin,0.0001882094419438352
kaya,0.0003076928459357492
kayakya,0.0001882094419438352
kayu,0.0001882094419438352
kebal,0.0001882094419438352
kebanyang,0.00022932202116135838
kebaya,0.00022932202116135838
kebo,0.00022932202116135838
kebul,0.0001882094419438352
kebun,0.0008809937431451492
keburu,0.00018934575790797168
kebut,0.00014820959043265703
kebutuhanya,0.0001882094419438352
kecap,0.00022932202116135838
kece,0.0001882094419438352
kecewa,0.00018934575790797168
kecimpung,0.0006684047610713223
kecut,0.00022932202116135838
kedodoran,0.0001882094419438352
kedok,0.00045873618032261356
kehed,0.00045873618032261356
keinget,0.0008785820794104753
keitung,0.00043914015144671083
kejam,0.00043914015144671083
kejar,0.0005122265009966413
keju,0.00022932202116135838
kekal,0.00043914015144671083
kelak,0.0004546530906709865
kelapa,0.00029618752872995636
kelas,0.001280848851393528
keliling,0.0005249013212617827
keliru,8.534794684404365e-05
kelistrikanya,0.00022932202116135838
kelok,0.00043914015144671083
kelola,0.0006743276659380653
kelompok,0.0005063930294371777
keluarga,0.000742027549523626
keluarin,0.0001882094419438352
keluh,0.0005063930294371777
kelulus,0.00022932202116135838
kemacetam,0.0001882094419438352
kemanain,0.00022932202116135838
kemaruk,0.00022932202116135838
kemas,0.00033627865634686376
kembang,0.005721892791581427
kembangakan,0.0001882094419438352
kembangin,0.00037648743362983126
kembung,0.00022932202116135838
kemcang,0.0001882094419438352
kemenhub,0.0001882094419438352
kemenkeu,0.0004649086164549934
kemenko,0.0006714783808451407
kemenperin,0.0002550904861696962
kemenristek,0.00022932202116135838
kemensos,0.00022932202116135838
kempanye,0.00022932202116135838
kempinski,0.0001882094419438352
kemudi,0.0001882094419438352
kemunculanya,0.0001882094419438352
kena,0.00022932202116135838
kenal,0.0007058619531461684
kenalpot,0.00010660181476294028
kenan,0.0001882094419438352
kenang,0.00018934575790797168
kencang,0.0001740983650214353
kendaaran,0.0001882094419438352
kendal,0.0001882094419438352
kendala,0.0004687385777228199
kendali,0.00023955822917652234
kendar,0.00022932202116135838
kendara,0.0153369509275591
kendari,0.0001882094419438352
keneh,0.0006882425571326633
kententuan,0.0001882094419438352
kenyam,0.00033627865634686376
kenyang,0.0001882094419438352
kenyataanya,0.00045873618032261356
keong,0.00022932202116135838
keos,0.00022932202116135838
kepak,0.00022932202116135838
kepala,0.00022025197969726524
kepingin,0.00022932202116135838
kept,0.00022932202116135838
kerah,0.00022932202116135838
kerap,0.00033627865634686376
keras,0.00040255340763188305
kerdil,0.00045873618032261356
kere,0.0001882094419438352
kerek,0.00043914015144671083
keren,0.0065504709719029575
kereta,0.0007688510193520608
kering,0.00014820959043265703
keris,0.00022932202116135838
kerit,0.00022932202116135838
kerja,0.000879402604920389
kerkasama,0.0001882094419438352
kerok,0.0001882094419438352
keroyokan,6.688823393222231e-05
kertas,0.00045873618032261313
kerthi,0.0001882094419438352
keruk,0.0006326232362954276
kerupuk,0.00022932202116135838
kesal,0.0002788012863905718
kesan,0.0013183263094518876
kesana,4.82841793296039e-05
kesandung,0.0001882094419438352
kesanya,0.00043914015144671083
kesiap,0.0013203936806571253
kesini,0.00037648743362983126
kesitu,0.00022932202116135838
ketan,0.00022932202116135838
ketar,0.0013183263094518876
ketat,0.0006503042362133019
ketawa,0.00022932202116135838
ketemu,0.00018934575790797168
ketiban,0.0001882094419438352
ketidakmauan,0.0001882094419438352
ketidakmerataan,0.0001882094419438352
ketimbang,9.247889242024101e-05
ketua,0.0006714783808451407
keukeuh,0.0001882094419438352
keutungan,0.00043914015144671083
keyboard,0.0001882094419438352
kh,0.00043914015144671083
khas,0.00043914015144671083
khatulistiwa,0.00043914015144671083
khawatir,0.0014549150439817642
khianat,0.00022932202116135838
khilaf,0.00022932202116135838
khodam,0.00022932202116135838
kia,0.00037648743362983126
kiamat,0.00029757774086406957
kian,0.00014820959043265703
kiblat,0.00014820959043265703
kilo,0.0006882425571326633
kiloin,0.00022932202116135838
kilometer,0.0001882094419438352
kilowatt,0.00037648743362983126
kimia,0.0004402764674107922
kincir,0.00022932202116135838
kinetik,0.0001882094419438352
king,0.00045873618032261356
kinjerja,0.00043914015144671083
kino,0.0001882094419438352
kipas,0.00043914015144671083
kiprah,0.0001882094419438352
kirain,8.534794684404365e-05
kiri,0.00022932202116135838
kirim,0.0003580277207180099
kisah,0.0003373864365266773
kisar,0.00028287332302876574
kisara,0.00022932202116135838
kit,0.00043914015144671083
klaim,0.0003580277207180099
klakson,0.00022932202116135838
klasik,0.0002951660771293961
klik,0.00022932202116135838
klinik,8.534794684404365e-05
klok,0.0001882094419438352
kmdn,0.00043914015144671083
knalpot,0.00022932202116135838
know,0.0001882094419438352
knowledge,0.0001882094419438352
knows,0.0001882094419438352
koar,0.00045873618032261356
kocak,0.0007573237389400535
kocek,0.00022932202116135838
kodak,1.0224210894700225e-05
kode,0.0001882094419438352
kodok,0.00022932202116135838
koga,0.00022932202116135838
koh,0.00022932202116135838
kokas,0.00022932202116135838
kolaborasi,0.0016142656666863916
kolaka,0.0001882094419438352
kolaps,0.0005648340275581018
koleksi,0.0002951660771293961
kolektor,8.534794684404365e-05
kolesterol,0.00043914015144671083
kolom,0.0001882094419438352
kolonial,0.00022932202116135838
kolot,0.00033627865634686376
kombinasi,0.0001882094419438352
komentar,0.00032486504749873035
komentator,0.00022932202116135838
komersial,0.0001321903461429636
komisi,0.0006877862847682057
komitmen,0.003967917220795209
komoditas,6.688823393222231e-05
kompak,0.0005648340275581018
kompasiana,0.00022932202116135838
kompatibel,0.0002951660771293961
kompeten,8.534794684404365e-05
kompetesi,0.0001882094419438352
kompetisi,0.0003580277207180099
kompetitif,0.0013561517396305427
kompetitor,0.0006272921818538547
komplain,0.00045873618032261356
komplek,8.534794684404365e-05
kompleks,8.534794684404365e-05
komplit,0.00037648743362983126
komponen,0.00034779465123626306
kompor,0.0003589734053261371
komposisi,0.00014820959043265703
kompresor,0.00045873618032261356
komputer,6.688823393222231e-05
komsumtif,0.00022932202116135838
komunikasi,0.0001882094419438352
komunis,0.0005063930294371777
komunitas,8.534794684404365e-05
komvensional,0.00043914015144671083
kona,0.0007532492762904377
konek,0.00022932202116135838
koneksi,0.00022932202116135838
konektivitas,0.00022932202116135838
konferensi,0.00037648743362983126
konfersi,0.00043914015144671083
konflik,0.0002951660771293961
kongkrit,0.0001882094419438352
konglo,0.00022932202116135838
kongreturn,0.00045873618032261356
konkret,0.0001882094419438352
konoha,0.0006882425571326616
konpensional,8.534794684404365e-05
konsentrasi,0.0005648340275581018
konsep,0.0009243455747034958
konservatif,0.0001882094419438352
konsisten,0.00037648743362983126
konslet,0.000669725405155227
konsorsium,0.00022932202116135838
konspirasi,6.688823393222231e-05
konstruksi,0.0002951660771293961
konstumernya,0.0001882094419438352
konsumen,0.00030985820224738517
konsument,0.0001882094419438352
konsumer,0.0001882094419438352
konsumsi,0.0007151060264177244
konsumtif,0.00041879469565240645
kontak,0.0001882094419438352
konteks,0.0001882094419438352
konten,0.0008720368475176993
kontra,0.00021935147240604918
kontrak,8.534794684404365e-05
kontraproduktif,0.00043914015144671083
kontras,0.00043914015144671083
kontribusi,0.0008256995643257442
kontrol,0.0001882094419438352
kontroler,0.0001882094419438352
kontur,0.0001882094419438352
konunis,0.00043914015144671083
konv,0.00043914015144671083
konve,0.0002735685132320225
konvensi,0.0001882094419438352
konvensional,0.004429517823114407
konversi,0.0006346840249723909
konvoi,0.00043914015144671083
konyol,0.00045873618032261356
koordinator,0.00037648743362983126
koramil,0.00022932202116135838
korban,0.0003737391462937485
kpj,0.0001882094419438352
kpk,0.0009178412313506513
kreasi,0.00043914015144671083
kreatif,0.00029655588899712895
kredit,2.8193779835883727e-05
kriminalisasi,0.0006882425571326616
kriminalitas,0.00022932202116135838
krisis,0.0011312029309930702
krismon,0.00022932202116135838
kriteria,0.00037648743362983126
kritik,0.0016841888794510238
kritis,0.00045873618032261356
krl,0.0016951210314189026
kroni,0.0006882425571326616
kronis,0.00043914015144671083
kualitas,0.0010935775156676883
kuantitas,0.0001882094419438352
kuasa,0.001379337673422393
kuat,0.0011506744098443394
kubang,0.00022932202116135838
kubik,0.00022932202116135838
kubur,0.00022932202116135838
kucil,0.00022932202116135838
kucur,8.534794684404365e-05
kuda,0.000236515881350443
kue,0.00045873618032261356
kufur,0.00043914015144671083
kuli,0.00022932202116135838
kuliah,0.0009256162934365196
kultur,0.0001882094419438352
kumoro,0.00022932202116135838
kumpul,0.0005230998135931691
kunci,7.305808757254685e-05
kunjung,0.0001882094419438352
kuno,6.688823393222231e-05
kuota,0.001054529924060253
kupas,0.00022932202116135838
kuping,0.0001882094419438352
kurang,0.00022932202116135838
kuras,0.00045873618032261356
kursi,0.00022932202116135838
kurus,0.00043914015144671083
kurva,0.00022932202116135838
kutik,0.00043914015144671083
kutip,0.0002951660771293961
kutu,0.00022932202116135838
kutuk,0.00022932202116135838
kutung,0.00022932202116135838
kwkwkwk,0.0001882094419438352
lab,0.00022932202116135838
laba,0.00043914015144671083
label,0.00022932202116135838
labu,0.00037648743362983083
lada,0.00043914015144671083
ladang,0.00022932202116135838
lagie,0.0001882094419438352
lagipula,4.82841793296039e-05
lahan,0.0005633184115145129
lahir,3.401335320850178e-05
laik,0.00043914015144671083
laju,0.00029944811560737254
language,0.0001882094419438352
lanjur,6.688823393222231e-05
lanjuttt,0.00022932202116135838
lanskap,0.0001882094419438352
lantar,0.00045873618032261356
lantas,0.00033627865634686376
lap,0.0001882094419438352
lapang,0.001080768087428633
lapar,0.0006684047610713223
lapis,0.00043914015144671083
lapor,0.00022932202116135838
laptop,0.00037648743362983126
larang,0.0010924090780871911
lari,0.0003373864365266773
laris,0.0004721888501390027
laskar,0.0001882094419438352
lastly,0.0001882094419438352
latah,6.688823393222231e-05
latar,0.00033627865634686376
later,0.0001882094419438352
laterit,0.0001882094419438352
latih,0.00022932202116135838
lauk,0.00022932202116135838
laun,0.00037648743362983126
launching,0.0001882094419438352
laut,0.00047731415628144737
law,0.00022932202116135838
lawak,0.0006882425571326616
lawan,0.0001707417033053535
lawas,0.0001882094419438352
layak,0.0014582228709585977
layan,0.003171215509432503
layang,0.00045873618032261313
layar,0.00037648743362983126
leader,0.00046964063407733546
leaf,0.0004649086164549934
league,0.00043914015144671083
leasing,0.00022932202116135838
lebar,0.0006897179951393679
lebay,0.00022932202116135838
lebh,0.0005883171460294976
lebih,0.00022932202116135838
lebis,0.00022932202116135838
lebur,0.00043914015144671083
ledak,0.00033671596660305846
ledakin,0.00022932202116135838
legal,0.0006882425571326616
legenda,0.00043914015144671083
legislator,0.00022932202116135838
legit,0.0001882094419438352
lego,0.0001882094419438352
leher,0.00022932202116135838
lekas,0.00022932202116135838
lekat,0.0001882094419438352
lelang,0.00037648743362983126
lemah,0.002114873651418937
lemak,0.00043914015144671083
lembaga,0.00022932202116135838
lembah,0.00022932202116135838
lemes,0.00022932202116135838
lempar,0.0001882094419438352
lena,0.0001882094419438352
lenceng,0.00043914015144671083
lengkap,0.000447369892890994
lenih,0.00022932202116135838
lepas,0.00048556846831566535
les,0.00045873618032261356
lestari,0.0006091916569958343
lestrik,0.00022932202116135838
lesu,0.00022932202116135838
let,0.0008785820794104753
letak,0.00021703051773473703
level,0.0006091916569958343
liang,0.00022932202116135838
liar,0.00022932202116135838
liat,0.0001321903461429636
libat,3.1154987293044445e-05
liberal,0.00022932202116135838
libur,0.00045873618032261356
licensi,0.0001882094419438352
licik,0.00022932202116135838
lifepo,0.0001882094419438352
lifetime,0.00022932202116135838
lika,0.00022932202116135838
liku,0.00033627865634686376
lim,0.0005648340275581018
limbah,0.003074024629715097
limbang,0.0001882094419438352
limit,0.0001882094419438352
limonite,0.0001882094419438352
limpah,0.000451928554690634
lindung,8.534794684404365e-05
line,0.0003580277207180099
lingkar,0.00022932202116135838
lingkung,0.002470502164081924
lingkunga,0.00022932202116135838
lingkup,0.0001882094419438352
lini,0.00014820959043265703
link,8.534794684404365e-05
lintas,0.0008383414022569251
lipat,0.0010138726385116202
lipi,0.0001882094419438352
liput,0.00022932202116135838
liquid,0.00022932202116135838
lirik,0.00014820959043265703
lisensi,0.00022932202116135838
listrik,0.013387766955462864
liter,0.0006091916569958343
literasi,0.00043914015144671083
lithium,0.0004323104683607822
lithum,0.0001882094419438352
lobang,0.00022932202116135838
lobi,0.0001882094419438352
lobster,0.00022932202116135838
logam,0.00018934575790797168
logger,0.0001882094419438352
logic,0.00022932202116135838
logika,0.0008407196380903594
logis,0.00043914015144671083
logistik,0.0001882094419438352
logo,6.688823393222231e-05
loka,0.0001882094419438352
lokal,0.0018920042210976264
lokalisasi,0.00043914015144671083
lokasi,0.00204079471736536
loker,0.00037648743362983126
lokomotif,0.0001882094419438352
lolos,0.001157418642901951
lomba,0.0006552797728880042
lompat,0.00018934575790797168
lonceng,0.00033627865634686376
long,0.0001882094419438352
longgar,0.0001882094419438352
longsor,0.00022932202116135838
lonjak,0.00026138814717246886
luar,0.00043914015144671083
luarbiasa,0.0001882094419438352
luas,0.00023975463102180296
luatriknya,0.0001882094419438352
lubang,0.00033627865634686376
luber,0.00022932202116135838
lucid,0.0004174740515685022
lucu,0.0011684430226140382
ludes,0.0001882094419438352
luka,0.00037648743362983126
luknut,0.00022932202116135838
lulus,0.0005730860137746117
lumas,0.0001882094419438352
lumayan,5.140988022191975e-05
lumpuh,0.00022932202116135838
lumpur,0.0013016799814537213
lumrah,0.0001882094419438352
lunak,0.00022932202116135838
lunas,0.00043914015144671083
luncur,0.0018175876550257963
lungkungan,0.00022932202116135838
lupa,0.0003030965119130676
lurah,0.00022932202116135838
luring,0.0001882094419438352
lurus,0.00018934575790797168
lusin,0.00022932202116135838
lux,0.00022932202116135838
lw,0.00022932202116135838
maaf,0.001202682397676018
mab,0.001170768058250052
maba,0.0001882094419438352
macan,0.00022932202116135838
macet,0.005688145903452195
machine,0.00022932202116135838
madam,0.00080111060824809
made,5.628739078659094e-05
maduraa,0.00022932202116135838
mafia,0.002057167686233854
magang,0.0001882094419438352
maghrib,0.00022932202116135838
maglev,0.00043914015144671083
magnet,0.0002951660771293961
magnetik,0.00043914015144671083
maguire,0.0001882094419438352
maha,0.00043914015144671083
mahal,0.004782433680705293
mahasiswa,0.00022932202116135838
mahdi,0.00043914015144671083
mahluk,0.00045873618032261356
mahu,0.0006684047610713223
main,0.001049779679949318
maintain,0.0002663358267249239
maju,0.0015837999192181936
majuin,0.00022932202116135838
makan,0.0010853922457308846
makelar,0.00022932202116135838
makhluk,0.00045873618032261356
maki,0.00045873618032261313
maklum,0.00045873618032261356
makmur,0.00014154288304331526
makna,0.00043914015144671083
makro,0.0001882094419438352
maksa,5.628739078659094e-05
maksiat,0.00043914015144671083
maksimal,0.0004302720207388145
malam,8.942034680486303e-05
malang,4.82841793296039e-05
malas,0.0004462890508085365
maling,0.000669725405155227
mall,0.000236515881350443
malu,0.0007593982815898687
malut,0.00043914015144671083
mampir,8.534794684404365e-05
mampus,0.00022932202116135838
mana,0.0003373864365266773
manasuka,0.00022932202116135838
mancanegara,8.534794684404365e-05
mancapai,0.00022932202116135838
mandang,0.00022932202116135838
mandek,0.0001882094419438352
mandir,0.0008785820794104753
mandiri,0.0008520658366144213
mandra,0.00022932202116135838
manfaat,0.0003068576920624306
manfaatin,0.00022932202116135838
manggunakan,0.0001882094419438352
mangkanya,0.0009178412313506513
mangkas,8.942034680486303e-05
mangkrak,0.0009178412313506513
mangkreng,0.00022932202116135838
mani,0.00043914015144671083
manis,0.00044636453601655827
manja,0.00029553254111734997
manjain,8.534794684404365e-05
manjat,0.00043914015144671083
mantap,0.002905505653342874
manual,0.0006091916569958343
manufaktur,0.0006065988088530794
manusia,0.0007736315863735494
manusiawi,0.00022932202116135838
manuver,0.0002951660771293961
manyun,0.00043914015144671083
map,0.0002951660771293961
mapan,0.00021824299796419457
mara,0.00022932202116135838
marah,0.00022932202116135838
marak,0.0006882425571326616
maret,0.0034256087715883667
marga,0.00037648743362983126
margin,0.00022932202116135838
mari,9.294307165761111e-06
market,0.0004567760879636072
markotop,0.0001882094419438352
markup,0.00022932202116135838
martabat,0.00022932202116135838
marves,0.0005776941623075356
masadepan,0.0001882094419438352
masak,0.00018934575790797168
masal,0.0004274575033157771
masang,0.00022932202116135838
masbro,0.0001882094419438352
maserati,0.0001882094419438352
masif,0.0007257895198010504
maslahat,0.00022932202116135838
mass,0.0002550904861696962
massa,0.00022932202116135838
massacre,0.0001882094419438352
massal,0.001496965832865126
master,8.534794684404365e-05
masterplan,0.00022932202116135838
masukin,0.00022932202116135838
masyarakat,0.0006906439444267832
matahari,7.744200811513101e-05
matang,0.00029944811560737254
match,0.0001882094419438352
matematika,0.0001882094419438352
mateng,0.00043914015144671083
materi,0.0001882094419438352
material,0.0004719457109807364
mati,0.0007507736578507493
matic,0.0005062152975324656
mature,0.00022932202116135838
mau,0.0008773956444909413
mauk,0.00022932202116135838
maung,0.0001882094419438352
maut,0.00022932202116135838
mawon,0.00022932202116135838
maya,0.00022932202116135838
maycut,0.00022932202116135838
mayor,0.0007532492762904377
mayoritas,0.0003966009249054881
mayur,0.00022932202116135838
meanwhile,0.00022932202116135838
medan,0.002087609577037324
media,0.00048338664351737495
mediator,0.0001882094419438352
medis,0.0001882094419438352
medsos,0.0001882094419438352
megang,0.0001882094419438352
meger,0.00022932202116135838
mei,0.00014820959043265703
meja,0.0001882094419438352
mejangkau,0.0001882094419438352
mejual,0.0001882094419438352
mekanik,0.0002557406498427412
mekanisme,0.0001882094419438352
melartang,0.0001882094419438352
melaui,0.00022932202116135838
melempem,0.0001882094419438352
meleng,0.00022932202116135838
melimpang,0.00022932202116135838
melnts,0.00022932202116135838
melon,0.00022932202116135838
melongggarkan,0.00022932202116135838
memabg,0.00043914015144671083
memakmurkn,0.0001882094419438352
memamfaatkan,0.00043914015144671083
membeikan,0.00043914015144671083
memberny,0.0001882094419438352
membludag,0.00022932202116135838
membuli,0.00022932202116135838
membully,0.00022932202116135838
memcoba,0.00043914015144671083
memdadak,0.00022932202116135838
memenangakan,0.00043914015144671083
meminimalisir,0.00014820959043265703
memksakn,0.00022932202116135838
memodif,0.0001882094419438352
memperbudhak,0.00022932202116135838
memsupply,0.0001882094419438352
memwajibkan,0.0001882094419438352
menandatangani,0.0001882094419438352
menandatangi,0.0001882094419438352
menang,0.0012438399988395788
mencekram,0.00022932202116135838
mencengkram,0.0001882094419438352
mencharge,0.00022932202116135838
mendem,0.00037648743362983083
mendi,0.0001882094419438352
mendikbut,0.00022932202116135838
mending,0.0011359801203867392
mendistrupsi,0.00043914015144671083
menditsrupsi,0.00043914015144671083
mendung,0.00022932202116135838
menejemen,0.0007665587565849155
menejer,0.0001882094419438352
meneyapkan,0.00043914015144671083
menfess,0.00022932202116135838
mengahasilkan,0.0001882094419438352
menganggu,0.0001882094419438352
menganmbil,0.00022932202116135838
mengcas,0.00043914015144671083
mengcreate,0.00043914015144671083
menggala,0.00022932202116135838
menggangu,0.00043914015144671083
menggukan,0.00022932202116135838
menghawatirkan,0.00022932202116135838
menghayal,0.00022932202116135838
menghijack,0.00043914015144671083
mengingatkn,0.0001882094419438352
mengjangkau,0.0001882094419438352
mengoprasikan,0.0001882094419438352
mengunakan,0.0007532492762904377
mengupayaka,0.00022932202116135838
mengupgrade,0.0001882094419438352
menit,3.995098936255322e-05
menke,0.00022932202116135838
menko,0.00029460470150476786
menkonversi,0.0001882094419438352
menperin,0.0007665587565849155
mentah,3.698978190544715e-05
mental,0.0005201182036671031
mentang,0.00022932202116135838
menteri,0.001898548346303341
mentinggin,0.00022932202116135838
mentok,0.0002951660771293961
menu,0.0001882094419438352
menyupsidi,0.00043914015144671083
meong,0.00045873618032261356
merah,0.0005883171460294976
merangsek,0.0001882094419438352
merdeka,0.00011317811669380741
merek,0.0007460429899708969
merespon,8.534794684404365e-05
mereyep,0.00022932202116135838
merger,8.534794684404365e-05
mering,0.00022932202116135838
merknya,0.00022932202116135838
merosot,0.0001882094419438352
mersakan,0.0001882094419438352
merta,0.0006091916569958343
mesen,0.00033627865634686376
mesin,0.0027746231638213392
messe,0.0001882094419438352
mesti,0.00023867516314435983
meta,8.534794684404365e-05
metal,0.00037648743362983126
metavers,0.00022932202116135838
meter,0.0005201182036671031
methane,0.00022932202116135838
metik,0.0003775088852304466
metode,0.0001882094419438352
metric,0.0004174740515685022
metro,0.0001882094419438352
mewah,0.0002849159678239297
mewejudkanya,0.0001882094419438352
mgk,0.0001882094419438352
micro,0.00022932202116135838
midlle,0.00043914015144671083
miev,0.0001882094419438352
migas,0.0008637123128872328
migrasi,0.0007573237389400535
mikat,0.0001882094419438352
mikir,0.0019062672239647147
mikro,0.00037648743362983126
mikrotrans,0.00022932202116135838
milenial,0.0001882094419438352
miliar,0.00014820959043265703
militer,0.00022932202116135838
milk,0.00022932202116135838
milliar,0.0001882094419438352
milu,0.00022932202116135838
milyar,0.0001882094419438352
milyaran,8.534794684404365e-05
mimpi,0.00036185415438875633
minat,0.0005707183248342754
mind,0.0007532492762904372
mindset,0.00043914015144671083
mineral,0.0005184018218988584
minerba,0.00022932202116135838
mingkem,0.00022932202116135838
mini,0.0002767854950664148
minicab,0.0001882094419438352
minim,0.00011441666242157852
minimal,0.00018809929361097598
minimum,0.0001882094419438352
mining,0.00022932202116135838
minjem,0.0001882094419438352
minoritas,0.00022932202116135838
minum,0.0001707417033053535
minus,0.00022932202116135838
minyak,0.0012408218530788784
mirai,0.00043914015144671083
miring,0.00022932202116135838
miris,0.00111182480020824
misi,0.0003580277207180099
miskin,0.0014338996759588737
misl,0.00022932202116135838
misterius,0.00022932202116135838
mitigasi,0.0001882094419438352
mitra,4.82841793296039e-05
mk,0.00022932202116135838
mnghadapi,0.00043914015144671083
moal,0.00022932202116135838
mob,0.00045873618032261356
moba,8.534794684404365e-05
mobben,0.00043914015144671083
mobil,0.0025287319183646506
mobile,0.002178623779683799
mobilisasi,0.0002951660771293961
mobilitas,1.0224210894700225e-05
mobility,0.0005648340275581027
mobilny,0.00022932202116135838
mocin,0.0001882094419438352
moda,0.0004444241677449552
modal,0.0003989074698870364
mode,0.00022932202116135838
model,0.00011850660347751752
moderen,0.0001882094419438352
modern,0.0008812965111304376
modernisasi,0.00037648743362983126
modif,8.534794684404365e-05
modifikasi,0.0007756631590126665
modis,0.0001882094419438352
modul,0.00022932202116135838
modular,0.0001882094419438352
modus,0.0006882425571326616
moel,0.0001882094419438352
moeldoko,0.002805651501931334
mogok,0.000760284946397159
mol,0.0012065006130582826
molekul,0.00043914015144671083
momentum,0.0002951660771293961
momok,0.00022932202116135838
moncer,8.534794684404365e-05
mondar,0.0008785820794104753
moneter,0.00022932202116135838
moneypullasinya,0.00022932202116135838
monggo,0.00033627865634686376
mongso,0.00022932202116135838
monolak,0.00043914015144671083
monopoli,0.0003373864365266773
montir,0.0001882094419438352
monyet,0.0001882094419438352
moonbin,0.0001882094419438352
moral,0.00022932202116135838
morgan,8.534794684404365e-05
morowali,0.00029944811560737254
most,0.00043914015144671083
motif,0.0003580277207180099
motivasi,0.0004649086164549934
motogp,0.0008977614949346163
motomobi,0.00022932202116135838
motong,0.00022932202116135838
motor,0.0019669318680583217
motot,0.00022932202116135838
mountainous,0.0001882094419438352
move,0.00043914015144671083
mpr,8.534794684404365e-05
mpv,0.0006728363490859425
muara,0.00033627865634686376
muaro,0.0001882094419438352
muas,0.0001882094419438352
muat,0.0006299815090089109
muatanya,0.0001882094419438352
mubazir,0.00018934575790797168
muculnya,0.00043914015144671083
mud,0.00022932202116135838
muda,0.0008004670380616287
mudah,0.0032653011133009988
mudik,0.003822733043116455
mulus,0.00014820959043265703
mulut,0.00045873618032261313
mumpung,0.0002550904861696962
mumpuni,0.0011302859487320321
munafikun,0.00043914015144671083
muncul,0.00028499012121036135
mundur,4.756645139548021e-05
murah,0.0009742915155916253
murni,0.0003015583503575205
musik,0.00043914015144671083
musim,0.00030053894832123137
musk,3.995098936255322e-05
musnah,0.00022932202116135838
must,0.0004174740515685022
mustahil,0.00022932202116135838
musti,0.00018934575790797168
musuh,0.00045873618032261313
mutakhir,0.0001882094419438352
muter,0.0011475322828441888
mutifinance,0.00022932202116135838
mutih,0.00022932202116135838
mutlak,0.0005871774659791558
mutu,0.0004174740515685022
nabung,4.82841793296039e-05
nafas,0.0007532492762904377
nafkah,0.0004402764674107922
nahan,0.0006882425571326633
nahar,0.00022932202116135838
naikin,0.000669725405155227
najam,0.0001882094419438352
nalar,8.534794684404365e-05
nama,0.00045227959050004934
nambah,0.0017011449830795994
nambang,0.00022932202116135838
nampak,0.0001882094419438352
nampaknya,0.00043914015144671083
nampung,0.00022932202116135838
nanggung,0.00045873618032261356
nangkep,0.00022932202116135838
nangkring,0.00022932202116135838
nangun,0.0001882094419438352
nanjak,0.0007762968592312479
nano,8.534794684404365e-05
nanti,0.00022932202116135838
nantu,0.00022932202116135838
narasi,6.688823393222231e-05
narasumber,0.0001882094419438352
narik,0.0002951660771293961
nasabah,0.00037648743362983126
nasi,0.00045873618032261313
nasib,0.003161824290833897
nasional,0.0004628360764863874
nasionalisme,0.00045873618032261356
negara,0.004378070354865992
negatif,0.0008889507461371385
negeri,0.00020371665793448776
negosiasi,0.0009417332324515738
nelayan,0.00048789235667135345
neraka,0.0001882094419438352
nestapa,0.00043914015144671083
net,0.0009417332324515738
netral,0.0001882094419438352
nett,0.0001882094419438352
neuralink,0.00022932202116135838
neutral,0.0001882094419438352
news,0.0009417332324515738
newton,0.00022932202116135838
ngacir,0.00045873618032261356
ngada,0.0006882425571326633
ngadain,0.00043914015144671083
ngajak,0.00043914015144671083
ngaku,0.00045873618032261356
ngakunya,0.00022932202116135838
ngalahin,0.00018934575790797168
ngambek,0.00022932202116135838
ngambil,0.00045873618032261356
ngamplengi,0.0001882094419438352
ngamuk,0.0001882094419438352
ngandelin,0.00022932202116135838
ngandelkeun,0.00022932202116135838
nganggep,0.00022932202116135838
ngangkat,0.0001882094419438352
ngangkut,0.00022932202116135838
ngantri,8.534794684404365e-05
ngantuk,6.688823393222231e-05
ngap,0.00022932202116135838
ngaruh,0.0006283136334544154
ngarusak,0.00022932202116135838
ngasapin,0.00022932202116135838
ngasi,0.0004402764674107922
ngatain,0.00022932202116135838
ngbakar,0.00022932202116135838
ngcas,0.00043914015144671083
ngebahas,0.0001882094419438352
ngebantu,0.0001882094419438352
ngebayang,0.00022932202116135838
ngebet,0.00014820959043265703
ngebid,0.0001882094419438352
ngebranding,0.0001882094419438352
ngebul,0.00037648743362983126
ngebut,0.00022932202116135838
ngedit,0.00043914015144671083
ngefek,0.00043914015144671083
ngehemat,0.0001882094419438352
ngejar,0.00037648743362983126
ngejepret,0.00043914015144671083
ngejual,0.0001882094419438352
ngel,0.00022932202116135838
ngelarang,0.00043914015144671083
ngeles,0.00022932202116135838
ngelola,0.00022932202116135838
ngeluarin,0.0001707417033053535
ngeluarkan,0.0001882094419438352
ngeluhin,0.00022932202116135838
ngembangin,9.171108433829369e-05
ngepul,0.00022932202116135838
ngepush,0.00022932202116135838
ngerangkai,0.00022932202116135838
ngerasa,8.534794684404365e-05
ngeri,0.00033627865634686376
ngerjain,0.0001882094419438352
ngerti,0.0004870933289792465
ngerubah,0.00037648743362983126
ngerusak,8.534794684404365e-05
ngesot,0.00022932202116135838
ngetren,0.00022932202116135838
ngeyel,0.00022932202116135838
nggak,0.0011475322828441888
nggaknya,0.0001882094419438352
nggege,0.00022932202116135838
nggerakin,0.00022932202116135838
ngibulin,0.00022932202116135838
ngide,0.00022932202116135838
ngiklan,0.00022932202116135838
ngikuti,0.00022932202116135838
ngikutin,0.00022932202116135838
ngiler,0.0001882094419438352
ngimpi,0.00045873618032261356
ngimpor,0.00022932202116135838
ngimpul,0.00022932202116135838
ngirit,0.0001882094419438352
ngisi,0.0004271983258095826
ngisinya,0.00033627865634686376
ngitung,0.0001882094419438352
ngitungnya,8.534794684404365e-05
ngka,0.0001882094419438352
ngobs,0.0001882094419438352
ngoceh,0.00022932202116135838
ngolah,0.00022932202116135838
ngomong,0.0011100774308962843
ngomongin,0.0006091916569958343
ngomongnya,0.0001882094419438352
ngotak,0.00022932202116135838
ngotot,0.0007573237389400535
ngumpul,0.0001882094419438352
ngumpulin,0.00045873618032261356
ngumpulnya,0.00022932202116135838
ngundang,0.00022932202116135838
nguntungin,0.0006882425571326616
ngurangin,0.00021703051773473703
nguras,0.00022932202116135838
ngurus,0.0006503042362133019
ngurusi,0.00022932202116135838
ngurusin,0.00045873618032261356
niaga,0.0001882094419438352
niat,0.0010537309872250841
nickle,0.0001882094419438352
nihil,0.0001882094419438352
nik,0.0002550904861696962
nikel,0.001809500909336532
nikmat,0.001226849827760018
nikmatin,0.0006882425571326633
nikmir,0.0001882094419438352
nila,0.0009417332324515738
nilai,0.0013072473668248649
nimbrung,0.00022932202116135838
nipon,0.00043914015144671083
nok,0.0001882094419438352
nol,0.00044503914794008417
nomor,0.0002561813188834989
non,0.00030998215877054824
nope,0.00022932202116135838
nordic,0.00043914015144671083
normal,0.00017686894411602402
normatif,0.00043914015144671083
nostalgia,0.0001882094419438352
nota,0.0001882094419438352
notabanenya,0.0001882094419438352
notabene,4.82841793296039e-05
note,0.0001882094419438352
nothing,0.00022932202116135838
nrabas,0.00022932202116135838
nre,0.00037648743362983126
nt,0.0001882094419438352
nu,0.00045873618032261313
nuansa,0.0001882094419438352
nuklir,0.0012789182251950397
number,0.0001882094419438352
numpang,0.00018934575790797168
numpuk,0.00033627865634686376
nunak,0.0001882094419438352
nunda,0.00043914015144671083
nunggu,0.0005998075920843264
nuntun,0.00022932202116135838
nunuk,0.0001882094419438352
nurdika,0.00033627865634686376
nurun,0.00033627865634686376
nurut,0.00022932202116135838
nurutin,0.0001882094419438352
nusa,0.00037648743362983126
nusantara,0.0001707417033053535
nutupin,0.00022932202116135838
nyablak,0.00022932202116135838
nyala,0.0007593982815898687
nyalurkan,0.00022932202116135838
nyamain,0.00022932202116135838
nyaman,0.0008976435170522999
nyambar,0.00022932202116135838
nyambung,0.00043914015144671083
nyampe,0.0004402764674107922
nyampek,0.0001882094419438352
nyarankan,0.00022932202116135838
nyari,0.00013389421509985185
nyaring,0.0001882094419438352
nyarinya,0.0001882094419438352
nyatut,0.00022932202116135838
nye,0.00022932202116135838
nyebrang,0.0001882094419438352
nyediain,8.534794684404365e-05
nyedot,0.00022932202116135838
nyekrup,0.00022932202116135838
nyeletup,0.00043914015144671083
nyemplung,0.00022932202116135838
nyenyak,0.0001882094419438352
nyeremin,0.00022932202116135838
nyerobot,0.00022932202116135838
nyesek,0.0001882094419438352
nyetak,0.00022932202116135838
nyetrum,0.00022932202116135838
nyeuaikan,0.0001882094419438352
nyewa,0.0001882094419438352
nyiapin,0.00022932202116135838
nyilakakeun,0.00022932202116135838
nyimak,0.0001882094419438352
nyimpan,0.0001882094419438352
nyinyir,0.00029944811560737254
nyinyirin,0.00022932202116135838
nyiptain,0.0001882094419438352
nyoba,0.00022932202116135838
nyobain,0.0001882094419438352
nyopir,0.00043914015144671083
nyungsep,0.00045873618032261356
nyuruh,0.00022932202116135838
nyusahin,0.00022932202116135838
nyusul,0.00022932202116135838
obar,0.00043914015144671083
obat,0.0005063930294371777
obi,0.00022932202116135838
obligasi,0.0001882094419438352
obral,0.00014820959043265703
obsolete,0.00045873618032261356
obyek,0.00045873618032261356
ocean,0.00045873618032261356
oceania,0.00022932202116135838
odong,0.00045873618032261313
oenyebab,0.00043914015144671083
oenyebrangan,0.00022932202116135838
ofero,0.00037648743362983126
ogah,0.00022932202116135838
oia,0.00022932202116135838
oil,0.00043914015144671083
ojek,0.0005871774659791558
ojol,0.00043914015144671083
okay,0.00045873618032261356
okezone,0.0001882094419438352
okk,0.00022932202116135838
oknum,0.0005107768015525944
oksigen,0.0006091916569958343
oktan,0.00022932202116135838
olah,0.000816852112423837
olahraga,0.00022932202116135838
olh,0.0001882094419438352
oli,0.0014414861204994098
oligarki,0.0008178583674057242
oligopoli,0.00022932202116135838
olok,0.0001882094419438352
ombak,0.0001882094419438352
ombudsman,0.0001882094419438352
omdo,0.00045873618032261356
omnibus,0.00022932202116135838
omnibuslaw,0.00022932202116135838
omong,0.000658187310426675
omset,0.00045873618032261356
onderdil,8.534794684404365e-05
ong,0.00022932202116135838
ongkos,0.00043914015144671083
ongteo,0.0001882094419438352
onta,0.0001882094419438352
opec,0.00045873618032261356
oper,0.00043914015144671083
operasi,0.0005496106797820541
operasional,0.0014020575395110382
opi,0.0001882094419438352
opini,9.457299375904295e-05
oposisi,0.00018934575790797168
opportunity,0.00022932202116135838
optimal,0.0006930327806659458
optimis,0.0015075978727258454
optimisme,0.0001882094419438352
optimistis,0.0007532492762904377
optimization,0.0001882094419438352
optional,0.00043914015144671083
order,0.0011475322828441888
ore,0.00022932202116135838
organik,0.00033627865634686376
organisasi,0.0001882094419438352
otomatais,0.0001882094419438352
otomatis,0.00020730482805406862
otomotif,0.003043043681490532
otomotive,0.0008785820794104753
otonom,0.0001882094419438352
otoped,0.0001882094419438352
otoriter,0.0001882094419438352
ototmotif,0.00043914015144671083
ott,0.00045873618032261356
outdoor,0.0002951660771293961
outomaker,0.00022932202116135838
outomotive,0.00022932202116135838
over,0.00030053894832123137
overload,0.00022932202116135838
oversupply,0.00022932202116135838
pablo,0.00022932202116135838
pabrik,0.0016475486237356098
pabrikan,0.0011514726619440353
pabrikasi,8.534794684404365e-05
pacitan,0.00043914015144671083
pack,0.0001882094419438352
pacu,0.0003880885975716226
padam,0.0004063526988713998
padang,0.0001882094419438352
padat,0.00048767405537183473
padet,0.00045873618032261356
padi,0.00022932202116135838
pagar,0.00045873618032261356
pagi,0.0003373864365266773
paham,0.00012306414922042333
pahit,0.00043914015144671083
pahlawan,0.00022932202116135838
paja,0.0001882094419438352
pajabat,0.0001882094419438352
pajak,0.0017525472460496313
pajang,0.00045873618032261356
pakai,0.0039769544051981385
pakak,0.00022932202116135838
pakar,0.0005648340275581018
pakenya,0.00022932202116135838
paket,0.00014820959043265703
paksa,0.00172001832406274
pala,0.00022932202116135838
palagi,0.0001882094419438352
palembang,0.0003580277207180099
palsu,0.00022932202116135838
pamekasan,0.0001882094419438352
pamer,0.0020600921441736846
pamor,0.00018934575790797168
panas,0.00048032905070953666
panbel,0.0001882094419438352
pancasila,0.00022932202116135838
pancing,0.0002550904861696962
pancung,0.0001882094419438352
pandai,0.00018934575790797168
pandang,0.0006987675290040791
pandemi,8.534794684404365e-05
paneh,0.00022932202116135838
panel,0.00031751097475759887
panen,0.00022932202116135838
pangan,0.000760284946397159
pangeran,0.0006272921818538547
panggil,0.00021703051773473703
panggung,0.0001882094419438352
pangkas,0.0001882094419438352
pangkat,0.0001882094419438352
panglima,0.0001882094419438352
pangsa,0.0007819266464240845
panik,0.0010085827680633701
pantau,0.00018934575790797168
pantes,0.0002951660771293961
pantul,0.00022932202116135838
papa,0.00043914015144671083
papar,0.0006558834738185676
paperbag,0.00022932202116135838
parade,0.0001882094419438352
paradigma,0.00043914015144671083
parah,0.0001122458183215316
parak,0.0001882094419438352
paranoid,0.0001882094419438352
pariwisata,0.00043914015144671083
parking,0.0001882094419438352
parkir,0.0003518374788785074
parsial,0.00022932202116135838
part,0.00044442416774495693
partai,0.0006877862847682057
partisipasi,0.0005648340275581018
partner,0.00037648743362983126
parts,0.00043914015144671083
paruh,0.00022932202116135838
pasal,0.0001882094419438352
pasang,0.0008714003649817833
pasangin,0.00022932202116135838
pasar,0.0013508965000976615
pasca,0.0001882094419438352
paser,0.0001882094419438352
pasien,0.00045873618032261356
pasifik,0.0001882094419438352
pasilitas,0.00022932202116135838
pasir,0.0004402764674107922
pasok,0.00038250271297918053
passanger,0.0005883171460294976
pasu,0.00014820959043265703
pasuk,0.0005648340275581018
patah,0.00022932202116135838
paten,0.0001882094419438352
path,0.0001882094419438352
patut,8.534794684404365e-05
patwal,0.0001882094419438352
paus,0.00022932202116135838
paut,0.0001882094419438352
pawon,0.0001882094419438352
payah,8.942034680486303e-05
payung,8.534794684404365e-05
peace,0.0001882094419438352
pecah,0.0004063526988713998
pedal,0.00043914015144671083
pedalamankan,0.00043914015144671083
pedit,0.00022932202116135838
peduli,0.0006314556900044654
pedulilindungi,0.00022932202116135838
peer,0.00022932202116135838
peeusahaan,0.00022932202116135838
peg,0.00043914015144671083
pegang,5.3326183329484864e-05
pegawai,0.0006882425571326616
peka,0.0001882094419438352
pelan,0.0010990210449852386
pelat,8.534794684404365e-05
pelihara,0.00037648743362983126
pelindo,0.00022932202116135838
pelit,0.00045873618032261356
pelopor,0.00045873618032261356
pelosok,0.0003631707529734075
peluang,0.0010951430821308978
pemda,0.00014820959043265703
penasaran,8.534794684404365e-05
pencil,0.00045873618032261356
pendek,0.0006326232362954276
pendiem,0.00037648743362983126
penebanga,0.0001882094419438352
penetrasi,0.00043914015144671083
pengang,0.0001882094419438352
penganguran,0.0001882094419438352
pengaruh,0.00017661781875324186
pengatahuan,0.00022932202116135838
pengecasannnya,0.00022932202116135838
pengechargean,0.0001882094419438352
penggunaanya,0.00022932202116135838
penjara,8.534794684404365e-05
penjuru,0.00022932202116135838
pensiun,0.00022932202116135838
penuh,5.879797557928833e-05
pepatah,0.00022932202116135838
pepes,8.534794684404365e-05
perah,0.0001882094419438352
perak,0.0001882094419438352
peran,7.191881281904365e-06
perang,0.0003541340006648474
perangkat,8.534794684404365e-05
peras,0.00022932202116135838
perata,0.00029944811560737254
peraturanya,0.00022932202116135838
perbaikin,0.00022932202116135838
perban,0.0001882094419438352
perbanyakanya,0.00022932202116135838
percaya,0.0002723911259247167
perdana,0.0002951660771293961
perempuan,0.00022932202116135838
performa,0.0005648340275581027
pergi,0.0007939985491196414
perhati,0.00019783794999619951
perih,0.00022932202116135838
perihal,0.00022932202116135838
peringkat,0.0002951660771293961
perintah,0.0009852182724681452
period,0.00022932202116135838
periode,0.00022932202116135838
peristiwa,0.0004434482820602143
perkara,0.00022932202116135838
perkasa,0.00043914015144671083
perlahan,3.401335320850178e-05
perlu,0.00037648743362983126
permana,0.00043914015144671083
pers,6.688823393222231e-05
persaiangan,0.00043914015144671083
persentase,0.00022932202116135838
persepsi,0.00022932202116135838
persero,0.00037648743362983126
persetan,0.00022932202116135838
personel,0.0001882094419438352
perspektif,0.00037648743362983126
pertalet,0.00022932202116135838
pertalite,0.0009887229894458259
pertamax,0.0004324083798777044
pertambaang,0.0001882094419438352
pertambaangan,0.00037648743362983083
pertamina,0.0003979488323922675
pertaniaga,0.0001882094419438352
perut,0.0003373864365266773
perwal,0.0001882094419438352
pesan,0.0001707417033053535
pesat,0.0005230998135931691
pesawat,0.0005580459380344922
pesimis,0.00036185415438875633
pesimistis,0.0001882094419438352
pesisir,0.0001882094419438352
pesta,0.00045873618032261313
petas,0.00022932202116135838
petasia,0.00022932202116135838
peti,0.00043914015144671083
petik,0.00043914015144671083
peting,0.00022932202116135838
petinggi,0.0001882094419438352
petir,0.0005883171460294976
petrochemi,0.0001882094419438352
petrol,0.0002581903006165145
petrolhead,0.00037648743362983126
phone,0.0004434482820602143
php,0.00022932202116135838
pick,0.00037648743362983126
pickup,8.534794684404365e-05
picu,6.688823393222231e-05
pidana,0.00022932202116135838
pidato,0.00022932202116135838
pijak,0.00043914015144671083
pikap,0.0008785820794104753
pikir,0.0008271631398055464
pil,0.00022932202116135838
pilih,0.0009066042313009858
pimpin,0.0010683750964159229
pindah,0.0011330996407932343
pinggir,0.00023672842039358503
pingu,0.00022932202116135838
pinjam,0.00022932202116135838
pinta,0.00022932202116135838
pintar,0.00012990965976296658
pintas,0.0001882094419438352
pinterkan,0.00022932202116135838
pintu,0.00014820959043265703
pionir,0.0005648340275581018
piranti,0.0001882094419438352
piring,0.00043914015144671083
pisah,0.0009282917479751516
pisang,0.00043914015144671083
pisau,0.0001882094419438352
piston,0.0001882094419438352
plan,0.00022932202116135838
planet,0.00022932202116135838
planga,0.00045873618032261356
plant,0.001147532282844191
plasma,0.00022932202116135838
plastik,0.0007965612427755376
plat,0.0008796035310110356
platform,0.00018934575790797168
plg,6.688823393222231e-05
pllta,0.0001882094419438352
pln,0.013831331666840602
plners,0.0001882094419438352
plongo,0.00045873618032261356
plosok,0.00045873618032261313
plt,0.00045873618032261356
plta,0.00022025197969726524
pltd,0.0006091916569958343
pltg,0.0001882094419438352
pltmg,0.00043914015144671083
pltn,0.0011332367129725492
pltp,0.0001882094419438352
plts,4.756645139548021e-05
pltu,0.0006227030006590323
plug,0.0001882094419438352
plumpang,8.534794684404365e-05
plus,0.00022932202116135838
plutonium,0.0001882094419438352
pmr,0.0001882094419438352
pns,0.00022932202116135838
podcast,0.0001882094419438352
poetry,0.0001882094419438352
pohon,0.0005669276579028484
poin,0.0009617430476876929
point,0.0001882094419438352
poirot,0.00022932202116135838
poisikan,0.00022932202116135838
pojok,0.00022932202116135838
pokok,0.00021338382802267792
pola,8.215229161684639e-06
polarisasi,0.00043914015144671083
polda,0.0001882094419438352
polemik,0.00022932202116135838
poles,0.00022932202116135838
polestar,0.0001882094419438352
polisi,0.0003810292234610324
politik,0.001987142389146833
politis,0.0009178412313506513
politisasi,0.00022932202116135838
pollutan,0.00022932202116135838
pollution,0.0001882094419438352
polri,0.0005648340275581027
polusi,0.001315546555749804
polutan,0.00045873618032261356
pom,0.0010153909602628672
pombensin,8.534794684404365e-05
pompa,0.0003580277207180099
ponakan,0.00043914015144671083
pondasinya,0.00033627865634686376
ponsel,0.00033627865634686376
pool,0.00022932202116135838
popular,0.00022932202116135838
popularitas,0.0002951660771293961
populasi,0.00046793676512039105
populer,0.0007695283408999641
pora,0.00022932202116135838
porak,0.00043914015144671083
poranda,0.00043914015144671083
poromosi,0.00022932202116135838
porsi,0.0002550513612546972
portal,0.00022932202116135838
pos,0.0005927317838798399
posil,0.0001882094419438352
posisi,0.00025018884259391536
positif,0.0005936596202058032
potensi,0.001476452425106261
potensial,8.534794684404365e-05
potong,0.0005201182036671031
powerbank,0.00045873618032261356
powerwallnya,0.0001882094419438352
praktik,0.00045873618032261356
praktis,0.0003771952284076724
prasarana,0.00041879469565240645
precious,0.0001882094419438352
prediksi,0.0001904468258605613
preman,8.534794684404365e-05
premium,8.942034680486303e-05
pres,0.00037648743362983126
presentasi,0.0001882094419438352
presiden,0.006237698846473301
presidensi,0.00037648743362983126
presioanal,0.00022932202116135838
prestasi,0.00037648743362983126
prestige,0.0001882094419438352
pribadi,0.0025821919967541885
pribumi,0.0004174740515685022
primadona,0.00014820959043265703
primer,0.0002735685132320225
primitive,0.0001882094419438352
prinsip,4.82841793296039e-05
prioritas,0.00012454064954815812
privasi,0.0001882094419438352
privilage,0.0001882094419438352
pro,0.0003224735242466929
probabilitas,0.0001882094419438352
problem,0.0001882094419438352
problematik,0.00022932202116135838
processor,0.0001882094419438352
produk,0.0008730417154315189
produksi,0.0010505246719065293
produsen,0.000679045347479625
prof,0.0004402764674107922
profesional,8.534794684404365e-05
professor,0.0001882094419438352
profit,0.0005299652226683407
program,0.0020598566980481415
progres,0.0001882094419438352
projek,0.0017583733687470287
prolog,0.00022932202116135838
promo,0.00011317811669380741
promosi,0.0010763178533564426
promote,0.00022932202116135838
propaganda,0.00017686894411602402
properti,0.0008785820794104753
proporsional,0.00022932202116135838
propulsi,0.0001882094419438352
propulsuion,0.0001882094419438352
prosedur,0.0001882094419438352
proses,0.0006790907500452558
prosesor,0.00022932202116135838
prospek,0.0006944412372969289
protes,4.937501204346252e-05
proton,0.0009387169942710817
prototipe,0.0002951660771293961
prototype,0.00033627865634686376
proudly,0.0001882094419438352
provinsi,0.0007049346240491998
provokator,0.00037648743362983126
proxy,0.00022932202116135838
proyek,0.001008439401868419
proyeksi,0.0004649086164549934
puasa,0.0001882094419438352
publik,0.001945272068482984
publikasi,0.0001882094419438352
pucuk,8.534794684404365e-05
puisi,0.0001882094419438352
puja,0.00045873618032261356
pukau,0.00043914015144671083
pulang,0.0005286899575632337
pulau,0.0008205304929429209
pulsa,0.00018934575790797168
pulubuhu,0.00022932202116135838
puluh,0.0002832959408039103
pulusi,0.00022932202116135838
punah,0.0002550513612546972
puncak,0.00033627865634686376
pundi,0.0006468307854317961
punggung,0.00022932202116135838
pungkasane,0.00022932202116135838
pungkiri,0.00022932202116135838
pungli,0.00022932202116135838
pungut,0.00022932202116135838
punk,0.00022932202116135838
punya,0.00022932202116135838
pupuk,0.0009545105004696488
pura,0.00037648743362983126
purba,0.00043914015144671083
purchase,0.00022932202116135838
pure,0.00033627865634686376
purnajual,0.00043914015144671083
puruk,0.00045873618032261356
pusat,0.0007775519837223354
push,0.00022932202116135838
pusharlis,0.0001882094419438352
pushing,0.00022932202116135838
pusing,8.534794684404365e-05
puslitbang,0.0001882094419438352
putar,0.0009635084834597328
putih,0.00022932202116135838
putra,0.0007568223794688828
quantum,0.00022932202116135838
quotes,0.00043914015144671083
rabu,0.0001882094419438352
race,0.00037648743362983126
racing,0.0001882094419438352
rack,0.00022932202116135838
racun,0.0016071918376953636
rada,8.534794684404365e-05
radiator,0.00022932202116135838
radikal,0.00043914015144671083
radioactive,0.0001882094419438352
ragam,0.0002550904861696962
ragu,0.00011441666242157852
raguin,0.0001882094419438352
rahardjo,0.00022932202116135838
rahasia,0.00043914015144671083
raih,0.0006091916569958343
raja,0.0003247307082482201
rajalela,0.00022932202116135838
rajeg,0.00022932202116135838
rajin,0.0004402764674107922
rakata,0.0002550904861696962
rakit,0.0003880885975716226
rakjel,0.00022932202116135838
raksaksa,0.0001882094419438352
raksasa,0.0004885296757727712
rakus,8.534794684404365e-05
rakyat,0.007987536532859872
ramah,0.004278431091058115
ramai,0.0001215794420910527
rambah,8.534794684404365e-05
rame,0.0001790051692676523
rampok,0.00022932202116135838
rampung,0.0001882094419438352
rancang,1.0224210894700225e-05
randis,0.0001882094419438352
range,0.0004053308470044598
rangin,0.0004402764674107922
rangka,0.0001707417033053535
rangkap,0.001323802054421901
rangkul,0.0001882094419438352
rangkum,0.00022932202116135838
rangsang,0.0001882094419438352
rantai,0.00014820959043265703
rante,0.00022932202116135838
rantis,0.0001882094419438352
rap,0.00022932202116135838
rapat,0.0007532492762904377
rapbd,0.00043914015144671083
rapi,0.00018934575790797168
rapuh,0.00022932202116135838
rare,8.534794684404365e-05
ras,0.00022932202116135838
rasio,0.00043914015144671083
rasional,0.0003373864365266773
rasjid,0.00037648743362983126
ratio,0.00033627865634686376
ratna,0.00022932202116135838
rats,0.0001882094419438352
ratus,0.00015653555419778116
raung,0.0005648340275581018
raup,0.00045873618032261356
rawan,0.0005097534536727584
raya,0.0004882690742670178
rayap,0.00022932202116135838
rayat,0.0001882094419438352
reability,0.0002951660771293961
ready,0.0009178412313506513
reaktor,0.0001882094419438352
realisasi,9.294307165761111e-06
realistis,0.0002951660771293961
realita,0.00022932202116135838
realitanya,0.0001882094419438352
realitas,0.0001882094419438352
reasonable,0.00043914015144671083
reborn,0.00043914015144671083
rebranding,0.0001882094419438352
rebut,0.00030053894832123137
rebuttan,0.00043914015144671083
rec,0.00022932202116135838
recall,0.0001882094419438352
rechargable,0.00022932202116135838
recharging,0.00022932202116135838
record,0.00043914015144671083
recycle,9.171108433829369e-05
red,8.534794684404365e-05
reduksi,0.00043914015144671083
referensi,0.0003580277207180099
refine,0.0001882094419438352
refinery,0.0001882094419438352
refolusi,0.0001882094419438352
regenerasi,0.0001882094419438352
regeneratif,0.00022932202116135838
regional,0.0001882094419438352
regulasi,0.0010631478803751683
regulation,0.00033627865634686376
regulator,0.00033627865634686376
rejim,0.00037648743362983083
rekam,0.00022932202116135838
rekening,0.00045873618032261356
rekomendasi,0.0001882094419438352
rekoso,0.00022932202116135838
rekrut,0.0001882094419438352
rel,0.0006882425571326633
rela,0.00022025197969726524
relatif,4.937501204346252e-05
relevan,0.00014820959043265703
reliable,0.0001882094419438352
rem,0.00021824299796419457
remaja,8.534794684404365e-05
remeh,0.0003580277207180099
remote,0.0001882094419438352
rena,0.0001882094419438352
renault,0.0003580277207180099
rencana,0.00046429120116864807
rencanya,0.0001882094419438352
rendah,0.0007931487738684088
rendam,0.00022932202116135838
renewable,0.00022932202116135838
renewal,0.00043914015144671083
rental,0.0007532492762904377
rentan,0.00033627865634686376
repelita,0.00022932202116135838
repot,0.000399966120860301
republik,0.0001882094419438352
reputasi,0.0001882094419438352
rerata,0.00022932202116135838
resap,0.00045873618032261356
research,0.00045873618032261356
reseller,0.00022932202116135838
resesi,0.00022932202116135838
resiko,0.0002735685132320225
resin,0.00022932202116135838
resistansi,0.0001882094419438352
resit,0.0001882094419438352
resmi,0.004038954269320258
resource,0.00022932202116135838
respon,0.00043914015144671083
rest,0.0009843066791114467
restoran,0.0001882094419438352
retarding,0.0001882094419438352
retas,0.0001882094419438352
retor,0.00043914015144671083
retro,0.00043914015144671083
reunable,0.0001882094419438352
revenue,0.0001882094419438352
review,8.942034680486303e-05
revolusi,0.00038291365359454277
revoulusioner,0.0001882094419438352
rezeki,6.688823393222231e-05
robek,0.00022932202116135838
robot,0.00014820959043265703
roda,0.0009691950377978781
rog,0.00037648743362983083
rogoh,0.00022932202116135838
roket,0.00033627865634686376
romantika,0.00022932202116135838
rombak,0.0001882094419438352
rombeng,0.00022932202116135838
rompi,0.0001882094419438352
ruah,0.0001882094419438352
rubah,0.000990103044765305
rugi,0.0011597964780940407
rumah,0.0015731414870870514
rumit,0.0002581903006165145
rumor,0.00045873618032261313
rumus,0.00037648743362983083
runtuh,0.00018934575790797168
rupiah,0.0021199828929866276
rusa,0.0001903369092296492
rusak,0.004129606169010026
rush,0.00022932202116135838
rusia,0.00014820959043265703
russia,0.00022932202116135838
rusuh,6.688823393222231e-05
rute,8.534794684404365e-05
rutin,0.0001882094419438352
ruwet,0.00017686894411602402
sabar,0.000694976794559063
sabotase,6.688823393222231e-05
sadar,0.0007663679116206726
sadis,0.00022932202116135838
safe,0.0001882094419438352
safety,0.00038291365359454277
sah,0.00023656066142633712
saha,0.00022932202116135838
sahabat,0.0001707417033053535
saham,0.0008655237809830736
saiap,0.00022932202116135838
saing,0.0013850685225455903
sains,9.457299375904295e-05
sakit,0.0005883171460294976
saksi,0.00043914015144671083
sakti,0.0001882094419438352
salah,0.00017585925671379345
salary,0.0001882094419438352
sale,0.00022932202116135838
sales,0.0006019211025942496
salh,0.0001882094419438352
salib,0.00043914015144671083
salim,0.00022932202116135838
salma,0.00037648743362983126
salur,0.0005711279454209853
salut,0.00038291365359454277
sama,0.0007716408828941442
sambat,0.00022932202116135838
sambung,0.00022932202116135838
sambut,0.001478136245425181
sami,0.00022932202116135838
sampah,0.0005541226043884939
sampai,0.00022932202116135838
samping,0.0005648340275581018
samsung,4.82841793296039e-05
samudra,0.00033627865634686376
sandang,0.00022932202116135838
sandera,0.00022932202116135838
sanding,0.00043914015144671083
sandiwara,0.00022932202116135838
sanggup,0.0005837799871197418
sangka,0.0001882094419438352
sangsi,0.0001882094419438352
sani,0.00022932202116135838
santai,0.00046964063407733546
sapi,0.0001882094419438352
sapu,0.00022932202116135838
saran,0.001453756007732465
sarana,0.00034279152312141755
sarang,0.0001882094419438352
sarat,0.00022932202116135838
sarjana,0.00022932202116135838
sasar,0.0008477906814539935
sasis,0.00022932202116135838
sat,0.00037648743362983126
satpol,0.0001882094419438352
savety,0.00022932202116135838
sawah,0.0004402764674107922
sawit,0.0006311658328381747
sayang,0.0008673810339243533
sayap,0.00022932202116135838
sayidina,0.0001882094419438352
sayur,0.00045873618032261356
scale,0.0001882094419438352
scooter,0.0001882094419438352
sd,0.0001707417033053535
sda,0.00028797371765262175
sdm,0.0008920250345812713
sealant,0.00043914015144671083
seater,0.0001882094419438352
seba,0.0001882094419438352
sebar,0.00034011943294184844
sebarapa,0.0001882094419438352
sebentar,8.942034680486303e-05
seberang,0.00022932202116135838
secera,0.00043914015144671083
second,0.0002951660771293961
secure,0.0001882094419438352
sederhana,0.0008809937431451492
sedia,0.004509972577874473
sedih,0.0006160810882536547
sedkiti,0.00022932202116135838
sedot,0.0011077892637371255
segar,0.0005230998135931691
segi,0.0004870933289792465
segimana,0.0001882094419438352
segitu,0.0007573237389400535
segitunya,0.00022932202116135838
segmen,0.0007346746714712404
segmentasi,0.0001882094419438352
sego,0.00043914015144671083
sehat,0.0004540954231380188
sehinga,0.0001882094419438352
seinget,0.00043914015144671083
seinstant,0.00043914015144671083
sejahtera,0.0004055941155741579
sejajar,0.0004174740515685022
sejarah,0.0005927317838798399
sejati,0.0001882094419438352
sejawa,0.00043914015144671083
sejuk,0.00037648743362983126
sekala,0.00033627865634686376
sekjen,0.0002951660771293961
seko,0.00022932202116135838
sekolah,9.171108433829369e-05
sekretariat,0.0005648340275581018
seksama,0.0001882094419438352
sektor,0.00036279559821704704
sekunder,8.534794684404365e-05
sekutu,0.00022932202116135838
sel,0.0002550904861696962
selamat,0.0009803307131163778
selatan,0.0006091916569958343
seleksi,0.00043914015144671083
selektif,0.0001882094419438352
selenggara,0.0001882094419438352
selera,0.0007532492762904377
selesai,1.8983636108425676e-05
self,0.00037648743362983126
seliwer,0.0003580277207180099
sell,0.00022932202116135838
seller,0.00022932202116135838
selo,0.0002687549390360351
semangat,0.0011316118805308523
semangkin,0.00022932202116135838
semat,0.00043914015144671083
sembah,0.00045873618032261356
sembako,0.0005271538453285474
sembarang,0.0005243732614560463
sembari,0.00033627865634686376
sembilan,0.00037648743362983126
sembrono,0.00022932202116135838
semenjak,0.0001882094419438352
semesta,0.0001882094419438352
semi,0.0001882094419438352
semikonduktor,0.00045873618032261313
semilyar,0.00022932202116135838
seminar,0.00037648743362983126
sempet,0.0005063930294371777
sempit,0.00022932202116135838
sempurna,0.0002561813188834989
sen,0.00045873618032261356
senang,0.00039021368927944855
sengaja,0.0002561813188834989
sengat,0.00033627865634686376
senggak,0.0001882094419438352
sengsara,0.00022932202116135838
senior,0.0001882094419438352
senjang,0.00043914015144671083
senjata,0.0001882094419438352
senoga,0.0001882094419438352
sensasi,0.0004174740515685022
sensitif,8.534794684404365e-05
sensor,8.534794684404365e-05
senter,0.00043914015144671083
sentil,0.00045873618032261356
sentosa,0.0001882094419438352
sentuh,0.0005063930294371777
senya,0.00022932202116135838
senyap,0.0004649086164549934
senyawa,0.00043914015144671083
senyum,0.0002951660771293961
seok,8.534794684404365e-05
seoul,0.0001882094419438352
sepakat,0.00044328306327553677
sepeda,0.0002155732527458101
sepele,0.00043914015144671083
sepenuh,0.00021703051773473703
sepet,6.688823393222231e-05
sepi,0.00022932202116135838
september,0.0001882094419438352
sepuh,0.0001882094419438352
sera,0.00043914015144671083
serabutan,0.00043914015144671083
serah,0.00043879684716661223
serakah,8.534794684404365e-05
seram,0.0002951660771293961
serampang,0.00022932202116135838
serang,4.82841793296039e-05
serap,0.00034166684316493025
serasa,0.0001882094419438352
serba,0.0007311246535003043
serbaguna,0.0001882094419438352
serbu,0.00022932202116135838
serentak,0.00043914015144671083
seret,0.00022932202116135838
seri,0.0002951660771293961
seribet,0.0001882094419438352
serigala,0.00022932202116135838
serikat,0.00022932202116135838
serius,7.393177820209625e-05
serpih,0.00022932202116135838
sertifikasi,0.0001882094419438352
seru,0.0003580277207180099
server,0.0001882094419438352
servis,0.0005938816641983943
sesak,0.00022932202116135838
sesal,0.00026138814717246886
sesat,0.00045873618032261356
seteru,0.00022932202116135838
setia,0.00043914015144671083
setir,0.0005648340275581027
setop,0.0001882094419438352
setrika,0.0001882094419438352
setrum,0.0003430595917846531
setting,0.0001882094419438352
settle,0.0001882094419438352
setut,0.00022932202116135838
sevel,0.0001882094419438352
sewa,7.009688011544186e-05
sgmw,0.0001882094419438352
shalom,0.0001882094419438352
shanghai,0.0001882094419438352
shareholder,0.00033627865634686376
sharing,0.0003580277207180099
shell,0.0001882094419438352
shelley,0.0001882094419438352
shelter,0.00022932202116135838
shg,0.0001882094419438352
shield,0.0001882094419438352
shift,0.0001882094419438352
shifting,0.00043914015144671083
shinkansen,0.00022932202116135838
show,0.0024520846852726964
showroom,8.534794684404365e-05
sial,8.534794684404365e-05
sian,0.00022932202116135838
siang,0.00014820959043265703
siapin,0.0001707417033053535
siar,0.00045873618032261356
siasat,0.00022932202116135838
sibarat,0.0001882094419438352
sibuk,0.00017686894411602402
sicepat,0.0001882094419438352
sidah,0.00022932202116135838
siehhh,0.00022932202116135838
siemens,0.0001882094419438352
sifat,0.00043879684716661223
sigap,0.0001882094419438352
signifikan,0.00014820959043265703
signing,0.00022932202116135838
sigra,0.00022932202116135838
sikap,0.0001707417033053535
sikaya,0.00022932202116135838
siklus,0.0001882094419438352
sikon,0.0001882094419438352
sila,0.00033627865634686376
silah,8.942034680486303e-05
sillicon,0.0001882094419438352
siluman,0.0001882094419438352
sim,0.0005243732614560463
simak,0.0002550904861696962
simnya,0.00022932202116135838
simpan,0.00040732242680564064
simpel,0.00021703051773473703
simple,0.00043914015144671083
simpul,0.0002741103759915757
sinar,0.0007532492762904377
sindir,0.0001882094419438352
sinergi,0.00037648743362983126
singa,8.534794684404365e-05
singapura,0.00048767405537183473
singgan,0.00043914015144671083
singgung,0.00043914015144671083
singkat,1.2142757843832752e-05
singkir,0.00041879469565240645
singkong,0.00033627865634686376
singkron,0.00022932202116135838
sinkron,0.0001882094419438352
sintetis,0.0006272921818538547
sinting,0.00022932202116135838
sinyalir,0.00022932202116135838
sipil,0.00037648743362983126
sir,0.0001882094419438352
sirat,0.00043914015144671083
sirkuit,0.0007345505797951989
sirkular,0.0001882094419438352
sirna,0.00045873618032261356
sisa,0.0013401355437055824
sisi,0.0009660819658455267
sistem,0.001570019115869555
sistimik,0.0001882094419438352
siswa,0.00037648743362983126
situ,8.141577605848618e-05
situasi,0.0003775088852304466
size,8.534794684404365e-05
skala,0.0006728363490859425
skema,0.0001215794420910527
skeptis,0.00022932202116135838
skripsi,0.00022932202116135838
sma,0.00022025197969726524
smart,8.534794684404365e-05
smartcar,0.00043914015144671083
smartphone,0.00023749176703524028
smooth,0.00022932202116135838
smp,8.942034680486303e-05
soak,0.0004402764674107922
socket,0.00043914015144671083
soda,0.0001882094419438352
sodor,8.534794684404365e-05
soesatyo,0.0001882094419438352
software,0.0011643096498613692
sogok,0.00022932202116135838
soimah,0.00037648743362983126
sok,0.0009178412313506513
sokong,6.688823393222231e-05
sol,0.0001882094419438352
solar,0.0014595811836659277
solarcell,0.0001882094419438352
solid,8.534794684404365e-05
solo,0.00018934575790797168
soloraya,0.0001882094419438352
solusi,0.0005149268972450046
solution,4.756645139548021e-05
sombong,0.0005243732614560463
someday,0.0001882094419438352
something,0.0001882094419438352
songsong,0.00022932202116135838
sono,0.00045873618032261356
sonoh,0.00022932202116135838
sonora,0.0001882094419438352
soon,0.00037648743362983126
sopir,0.0006272921818538547
sore,0.00018934575790797168
sorot,0.00014820959043265703
sosial,0.0010488784479715761
sosialisasi,0.00011317811669380741
sosialita,0.00022932202116135838
sosmed,0.00043914015144671083
sosoan,0.00045873618032261356
soto,0.00037648743362983126
soultan,0.00043914015144671083
sound,0.00022932202116135838
source,0.0002951660771293961
soutif,0.0001882094419438352
space,0.0001882094419438352
spare,0.0007950843279545925
sparepart,0.0003775088852304466
sparkle,0.0001882094419438352
spbe,0.0001882094419438352
spbklu,0.0013189074778846132
spbl,0.0001882094419438352
spbu,0.00031711442783812936
spd,8.534794684404365e-05
spde,0.0001882094419438352
speaker,0.0002951660771293961
speed,0.0006684047610713223
speedometer,0.0001882094419438352
spektakuler,0.00022932202116135838
spelling,0.00043914015144671083
spesial,0.00037648743362983126
spesialis,0.0001882094419438352
spesialisasi,0.00043914015144671083
spesifik,0.00043914015144671083
spesifikasi,0.00018934575790797168
spion,0.00022932202116135838
spkl,0.00022932202116135838
spklu,0.009536965122962373
splu,0.0007532492762904377
spml,0.00022932202116135838
sporadis,0.0001882094419438352
sport,0.0014495482602015467
sragen,0.0002951660771293961
srategi,0.0001882094419438352
srek,0.00022932202116135838
stabil,0.0005905876023931601
stafsus,0.0001882094419438352
stagnan,0.0001882094419438352
stagnansi,0.00043914015144671083
stak,8.534794684404365e-05
stakeholder,0.0006940009088742666
stan,0.0001882094419438352
standar,0.0005330311718476223
standardisasi,0.00037648743362983126
star,0.0001882094419438352
starlink,0.0001882094419438352
starter,0.0001882094419438352
startup,0.0005915367748776893
starup,0.0003580277207180099
stasion,0.0001882094419438352
stasium,0.0001882094419438352
stasiun,0.002496119901293578
state,8.534794684404365e-05
statemen,0.0005337851378966181
statiun,0.0001882094419438352
status,0.00022932202116135838
stb,0.00043914015144671083
stealth,0.00043914015144671083
steer,0.00022932202116135838
stellantis,0.00043914015144671083
stereo,0.00022932202116135838
stiker,0.00022932202116135838
stimulus,0.0005927317838798399
stla,0.0001882094419438352
stm,0.0002951660771293961
stnk,0.0003775088852304466
stok,0.0008178583674057242
stop,0.00045873618032261356
strart,0.0001882094419438352
strategi,0.00047289144412088137
stream,0.00018934575790797168
stress,0.00018934575790797168
strick,0.00022932202116135838
strong,0.0001882094419438352
structure,0.0001882094419438352
struktur,0.0001882094419438352
stuck,0.00022932202116135838
studi,0.00043914015144671083
study,0.00022932202116135838
style,0.00022932202116135838
suap,0.00022932202116135838
suara,0.00036077353577157315
suasana,0.0001882094419438352
sub,0.00037648743362983126
subang,0.0001882094419438352
subsidi,0.010311953026821972
substitusi,0.0001882094419438352
suci,0.0001882094419438352
sudsh,0.00022932202116135838
sudut,0.0006272921818538547
sulfur,0.00043914015144671083
sulit,0.0019933086557220193
sumberdaya,0.0005286899575632335
sumbu,8.534794684404365e-05
sumpah,8.534794684404365e-05
sumur,0.00045873618032261356
sunat,6.688823393222231e-05
sungai,0.0006084752018290377
sungguh,0.0009007756681458728
sunk,0.0001882094419438352
sunset,0.0001882094419438352
suntik,0.00022932202116135838
sunyi,0.0003580277207180099
suparman,0.00022932202116135838
supercar,0.00022932202116135838
suplai,0.000780062980870536
suport,0.0001882094419438352
suram,0.00022932202116135838
surat,0.00045873618032261356
surbakti,0.0001882094419438352
surga,0.00022932202116135838
surplus,0.00022932202116135838
suruan,0.0001882094419438352
suruh,0.0029598309374917085
survei,0.0001707417033053535
surya,0.0010879100191931606
sus,0.0001882094419438352
susah,0.0014131347893542347
suspennya,0.0001882094419438352
suspensi,0.00014820959043265703
sustain,0.00018934575790797168
sustainability,8.534794684404365e-05
sustained,0.00022932202116135838
suster,0.00022932202116135838
susu,0.00022932202116135838
susul,8.534794684404365e-05
susun,0.0005905876023931601
sususl,0.00022932202116135838
susut,8.534794684404365e-05
suudzon,0.00022932202116135838
suv,0.00022932202116135838
swab,0.0002735685132320225
swaf,0.00022932202116135838
swap,0.00044328306327553677
swasta,0.00033671596660305846
switch,0.0001882094419438352
syarat,0.0004022978499413983
syariah,0.0001882094419438352
symbian,0.0006091916569958343
sympony,0.00037648743362983126
syntetic,0.0001882094419438352
synthetic,0.00037648743362983126
syukur,0.00039656789996727
tabrak,0.0003775088852304466
tabu,0.00043914015144671083
tabung,0.00013287086722007157
tagih,0.0005558877557203387
tagline,0.0001882094419438352
tahan,0.0023134224216110784
tahap,0.0007284295907014234
tahi,0.0009178412313506513
tahta,0.00022932202116135838
tahu,0.00018934575790797168
tajam,0.0001882094419438352
tajir,0.0011475322828441888
tajuk,0.0001882094419438352
takdir,0.0006684047610713223
takluk,0.00043914015144671083
taksi,0.00037648743362983126
taktis,0.0001882094419438352
takut,0.0011648179450611845
talenta,0.00043914015144671083
tamak,0.00045873618032261356
tamat,8.534794684404365e-05
tambak,0.00022932202116135838
tambal,0.00045873618032261356
tambang,0.0028195783392501064
tamiya,0.0011283263539937612
tamoy,0.00022932202116135838
tampa,8.534794684404365e-05
tampar,0.0001882094419438352
tampung,0.00043879684716661223
tamu,0.00037648743362983126
tanah,0.0007475467088689353
tanam,0.00044636453601655914
tancap,0.0001882094419438352
tanda,0.0005883171460294976
tangan,0.0007372798559503275
tangerang,0.0001882094419438352
tangga,0.0005097534536727584
tanggap,0.00017686894411602402
tangguh,0.0004174740515685022
tanggulang,0.00022932202116135838
tanggung,0.00021703051773473703
tangjakan,0.00022932202116135838
tangkal,0.00022932202116135838
tangkap,4.937501204346252e-05
tangkas,0.0001882094419438352
tangki,0.0006882425571326616
tani,0.002556137976154175
tanjak,0.0005943434263229958
tanjakn,0.00022932202116135838
tank,0.00018934575790797168
tantang,7.819687723784941e-05
taon,0.0001882094419438352
tapi,0.00037648743362983126
tara,0.0004866636209222234
target,0.001270530517618335
tari,0.00022932202116135838
tarif,0.0019619251776905847
tarik,0.004498880751086433
taring,0.00037648743362983126
taruh,0.00018934575790797168
tasrif,0.0003580277207180099
tata,0.0006877862847682057
tatap,0.0001882094419438352
tatih,0.0001882094419438352
tawa,0.00022932202116135838
tawar,0.0003070011807525244
tayang,0.0008785820794104753
tbk,0.00037648743362983126
tbs,0.0001882094419438352
tdl,0.00033627865634686376
tebak,0.0008882740529357397
tebal,0.00043914015144671083
tebang,0.00045873618032261356
tebar,0.00045873618032261356
teguh,0.0001882094419438352
tegur,0.00022932202116135838
tehnik,0.00022932202116135838
tekad,8.534794684404365e-05
tekan,0.0015162012401404449
teken,0.00022932202116135838
teknik,0.00043914015144671083
teknis,0.0005648340275581018
teknisi,0.00045873618032261356
teknokrat,0.00022932202116135838
teknologi,0.0023089041444643767
tel,0.0003373864365266773
telaah,0.00022932202116135838
telan,0.00043914015144671083
telapak,0.00033627865634686376
telat,5.628739078659094e-05
telekomunikasi,0.0001882094419438352
telepon,0.00022932202116135838
teleportasi,0.00022932202116135838
televisi,0.00043914015144671083
telinga,0.00045873618032261356
teliti,4.756645139548021e-05
telkom,0.00037648743362983083
telkomsel,0.0001882094419438352
telor,0.00043914015144671083
telpon,0.0001882094419438352
telusur,0.00033627865634686376
tema,0.0008977614949346163
teman,0.001919720850320239
tembaga,0.0004657002566855093
tembok,0.00022932202116135838
tembus,0.0003775088852304466
tempa,0.00043914015144671083
tempe,0.00045873618032261356
tempel,0.0001882094419438352
temperatur,0.00043914015144671083
tempuh,0.0003771567066125545
tempur,0.0001882094419438352
tempurung,0.00022932202116135838
temu,0.0005371795310649304
tenaga,0.0007783931511783808
tenang,0.0005960305576214451
tenanga,0.0001882094419438352
tendang,0.00022932202116135838
tender,0.00022932202116135838
tenga,0.00043914015144671083
tenggara,4.756645139548021e-05
tenggelam,0.0006987675290040791
tentangga,0.0001882094419438352
teori,0.0008383414022569251
tepok,0.0001882094419438352
terampil,0.0001882094419438352
terang,0.0006877862847682057
terap,3.101989734073489e-06
terapin,0.0001882094419438352
terartur,0.0001882094419438352
terbang,0.001711379680169848
terbit,0.0005230998135931691
terdistrupsi,0.00043914015144671083
terdpt,0.00043914015144671083
terelisiasi,0.0001882094419438352
tergantng,0.00022932202116135838
tergetus,0.0001882094419438352
terhadapa,0.00043914015144671083
terhaliri,0.00022932202116135838
teriak,0.00018934575790797168
terima,0.0022582387574056023
terimakasih,0.0025902606104886874
terintergritas,0.0001882094419438352
terjal,8.534794684404365e-05
terjang,8.534794684404365e-05
terjun,0.00039656789996727
terkaik,0.00043914015144671083
terminal,0.00022932202116135838
termodinamika,0.00022932202116135838
terna,0.00022932202116135838
ternak,0.00033627865634686376
ternasuk,0.0001882094419438352
terobos,4.82841793296039e-05
teror,0.0001882094419438352
terpa,0.00043914015144671083
tersier,0.00022932202116135838
tertawa,0.0006882425571326616
tes,8.534794684404365e-05
tesandung,0.0001882094419438352
tesla,0.0018167401507578904
tetangga,6.29374191660672e-05
tetes,0.0001882094419438352
thumb,0.0001882094419438352
thumbnailnya,0.0001882094419438352
tiada,8.534794684404365e-05
tiang,0.00045873618032261356
tibubeneng,0.0001882094419438352
tidak,0.0005153597621663755
tidur,0.0004856075932306637
tikai,0.00043914015144671083
tikam,0.00022932202116135838
tikar,8.534794684404365e-05
tiket,0.00022932202116135838
tikung,0.00022932202116135838
tikus,0.00037648743362983083
timah,0.0001882094419438352
timbang,3.074833947349417e-05
timbul,0.00023672842039358503
times,0.0007573237389400535
timingnya,0.00022932202116135838
timur,0.00012454064954815812
tindak,0.00018934575790797168
tinggal,0.0006684047610713223
tingkah,0.00022932202116135838
tiongkok,0.000669725405155227
tip,0.000257594220198045
tipe,0.00023955822917652234
tipis,0.00033627865634686376
tips,0.0001882094419438352
tipu,0.00045873618032261356
tirod,0.00022932202116135838
tirta,0.0001882094419438352
tiru,0.0006368764168225992
tisik,0.00022932202116135838
titah,0.00022932202116135838
titik,0.0018449148957731367
toba,0.00022932202116135838
token,0.001147532282844191
toko,0.00043914015144671083
tokoh,0.0004174740515685022
tokyo,0.0006882425571326616
tolak,0.0004145289435643286
tolol,0.00043914015144671083
tombak,0.0001882094419438352
tombol,0.00037648743362983126
tonase,0.00022932202116135838
tonjol,0.0001882094419438352
tons,0.00022932202116135838
tonton,0.00020875687717100515
tony,0.0007532492762904377
top,0.0009417332324515738
topang,0.00022932202116135838
topeng,0.0001882094419438352
topik,0.00033627865634686376
torsi,0.0006684047610713223
torsinnya,0.00022932202116135838
total,0.0008150907068451931
touchscreen,0.00043914015144671083
tough,0.0001882094419438352
touring,0.0002951660771293961
toxic,0.00022932202116135838
tpa,0.00043914015144671083
track,0.0001882094419438352
tracker,0.0001882094419438352
trade,0.00022932202116135838
tradisional,0.00037648743362983126
traga,0.0001882094419438352
tragedi,0.0001882094419438352
tragis,0.00043914015144671083
trail,0.0001882094419438352
traktor,0.0008785820794104753
tram,0.0001882094419438352
trans,0.0006056946179564815
transfer,0.0002550904861696962
transformasi,0.0015642610250851201
transisi,0.001668611539110998
transit,8.534794684404365e-05
transjakarta,0.00022932202116135838
transjkt,0.00022932202116135838
transmisi,0.00032093012800917236
transport,0.0004687385777228199
transportasi,0.0016129152235566488
trap,0.00043914015144671083
travel,0.0001882094419438352
traveler,0.0001882094419438352
travo,0.0001882094419438352
tren,0.002422085290318805
trial,0.0001882094419438352
trik,6.688823393222231e-05
triliun,0.000232283034367091
trobosan,0.0001882094419438352
tron,0.00043914015144671083
tronton,0.0001882094419438352
tropis,0.0004402764674107922
trotoar,0.00022932202116135838
truk,0.0018057045238101216
trust,0.0001882094419438352
tsm,0.0001882094419438352
tua,0.0014496408273841671
tual,0.00043914015144671083
tuan,0.0001882094419438352
tuban,0.00022932202116135838
tube,8.534794684404365e-05
tunuggu,0.0001882094419438352
untung,0.0001882094419438352
valid,0.0001882094419438352
valley,0.0001882094419438352
valuable,0.0001882094419438352
valuasi,0.0001882094419438352
value,0.0006283136334544149
van,0.0001882094419438352
varian,0.0005927317838798399
variasi,0.0001882094419438352
variatif,0.0001882094419438352
vedeiveh,0.00022932202116135838
vehicle,0.002447917980290063
vena,0.0001882094419438352
vendor,0.0001882094419438352
venture,0.0001882094419438352
venturer,0.00043914015144671083
verbeek,0.00043914015144671083
versi,0.000781158273420182
vertikal,0.0001882094419438352
veteran,0.00022932202116135838
via,0.001173008470707774
viar,8.534794684404365e-05
vibra,0.0001882094419438352
vip,0.0001882094419438352
viral,0.00022932202116135838
virtual,0.00022932202116135838
virus,0.0001882094419438352
visi,0.0006915600103794676
vision,0.0001882094419438352
visioner,0.00029655588899712895
viva,0.00037648743362983126
vlog,0.00043914015144671083
vloger,0.00022932202116135838
vlogger,0.00043914015144671083
volt,0.00037648743362983083
voltase,0.00033627865634686376
voltswagen,0.00043914015144671083
volume,0.0006882425571326633
vonis,0.00022932202116135838
voucher,0.00037648743362983126
wacana,0.0003775088852304466
wadah,0.0006882425571326616
wajar,4.64212633725365e-05
wajib,0.00045525556778641283
wakil,0.0002581903006165145
waktu,0.00022932202116135838
walaupum,0.00022932202116135838
wali,0.00037648743362983126
walikota,8.534794684404365e-05
waras,0.0006882425571326616
warga,0.0011851385889857674
warganet,0.00018934575790797168
warkop,0.0001882094419438352
warming,4.937501204346252e-05
warna,0.0001882094419438352
warning,0.0001882094419438352
warrior,0.00018934575790797168
warung,0.00014820959043265703
wasalam,0.0001882094419438352
waspada,0.0005063930294371777
waste,8.534794684404365e-05
waterproof,0.0001882094419438352
watt,0.0005905876023931601
wawas,8.942034680486303e-05
word,0.00022932202116135838
workstation,0.00022932202116135838
wort,0.0001882094419438352
worth,0.0007762968592312477
would,0.00022932202116135838
wowok,0.00022932202116135838
wujud,0.0023576229438662466
wuling,0.0005178814867008834
wuosh,0.0001882094419438352
zalim,0.00043914015144671083
zaman,0.0016770747296396696
zat,0.00022932202116135838
